user_id,project_role_id,priority
1,96,1
2,3,1
2,38,1
2,41,1
2,53,1
2,31,1
2,109,1
2,117,1
3,34,1
3,78,1
3,91,1
3,115,1
3,113,2
3,75,1
3,67,1
3,94,1
4,107,1
4,119,1
4,84,1
4,86,1
4,103,1
5,13,1
5,54,1
5,31,1
5,109,1
5,117,1
6,83,1
6,122,1
6,71,1
7,90,1
7,92,1
7,72,1
8,104,1
9,90,1
9,92,1
10,66,1
10,120,1
10,71,1
10,116,1
10,72,2
11,6,1
11,14,1
11,33,1
11,37,1
11,81,1
11,98,1
12,31,1
12,109,1
12,117,1
12,67,1
12,94,1
12,101,1
13,89,1
13,84,1
13,86,1
13,103,1
14,68,1
14,70,1
14,124,1
14,6,1
14,14,1
14,33,1
14,37,1
14,81,1
14,2,1
14,8,1
14,18,1
14,39,1
14,47,1
14,62,1
14,87,2
14,105,1
14,69,2
15,3,1
15,38,1
15,41,1
15,53,1
15,6,1
15,14,1
15,33,1
15,37,2
15,81,1
15,36,1
15,76,1
16,23,1
16,61,1
16,69,1
16,72,1
16,98,1
17,34,1
17,78,1
17,91,1
17,115,1
17,36,1
17,76,1
17,69,1
17,96,1
18,89,1
18,90,2
18,92,1
19,96,1
19,75,1
19,11,1
19,21,1
19,29,1
19,35,1
19,56,1
19,58,1
19,59,1
19,73,1
19,85,1
19,88,1
19,102,1
19,121,1
19,1,1
19,7,1
19,19,1
19,27,1
19,44,1
19,48,1
19,123,1
20,116,1
21,34,1
21,78,1
21,91,1
21,115,1
21,10,1
21,12,1
21,20,1
21,24,1
21,32,1
21,52,1
21,106,1
22,80,1
22,74,1
22,95,1
22,75,2
22,110,1
23,46,1
23,100,1
23,108,1
23,83,1
23,122,1
23,104,1
24,104,1
24,66,1
24,120,1
25,10,1
25,12,1
25,20,1
25,24,1
25,32,1
25,52,1
25,106,1
25,77,1
25,83,1
25,122,1
25,80,1
26,6,1
26,14,1
26,33,1
26,37,1
26,81,1
26,107,1
26,80,2
27,69,1
28,74,1
28,95,1
28,5,1
28,28,1
28,43,1
28,49,1
28,60,1
28,93,1
28,114,1
28,110,1
29,89,1
29,34,1
29,78,1
29,91,2
29,115,1
29,67,1
29,94,1
29,80,1
30,34,1
30,78,1
30,91,1
30,115,1
31,80,1
32,13,1
32,54,1
32,119,1
33,110,1
33,96,1
33,36,1
33,76,1
33,5,1
33,28,1
33,43,1
33,49,1
33,60,1
33,93,1
33,114,1
34,83,1
34,122,1
34,113,1
34,10,1
34,12,1
34,20,1
34,24,1
34,32,1
34,52,1
34,106,1
34,74,1
34,95,1
35,110,1
35,89,1
36,89,1
36,101,1
36,96,1
37,11,1
37,21,1
37,29,1
37,35,1
37,56,1
37,58,1
37,59,1
37,73,1
37,85,1
37,88,1
37,102,1
37,121,1
37,96,1
38,23,1
38,61,1
38,119,1
38,89,1
39,72,1
39,98,1
39,16,1
39,42,1
39,79,1
39,82,1
39,97,1
39,118,1
39,119,1
40,13,1
40,54,1
40,80,1
40,67,1
40,94,1
40,89,1
41,116,1
41,84,1
41,86,1
41,103,1
41,2,1
41,8,1
41,18,1
41,39,1
41,47,1
41,62,1
41,87,1
41,105,1
42,110,1
43,90,1
43,92,1
44,23,1
44,61,1
44,15,1
44,55,1
44,65,1
44,111,1
44,116,1
45,10,1
45,12,1
45,20,1
45,24,1
45,32,1
45,52,1
45,106,1
45,6,1
45,14,2
45,33,1
45,37,1
45,81,1
45,67,1
45,94,1
45,36,1
45,76,1
46,90,1
46,92,1
47,83,1
47,122,1
47,46,1
47,100,1
47,108,1
47,15,1
47,55,1
47,65,1
47,111,1
48,83,1
48,122,1
48,3,1
48,38,1
48,41,1
48,53,1
48,83,2
48,122,2
48,36,1
48,76,1
49,5,1
49,28,1
49,43,1
49,49,1
49,60,1
49,93,1
49,114,1
49,4,2
49,9,1
49,17,1
49,22,1
49,26,1
49,30,1
49,40,1
49,45,1
49,50,2
49,51,1
49,57,1
49,64,1
49,99,1
49,112,1
49,13,1
49,54,1
50,83,1
50,122,1
50,80,1
50,16,1
50,42,1
50,79,1
50,82,2
50,97,1
50,118,1
51,90,1
51,92,1
51,116,1
52,4,1
52,9,1
52,17,1
52,22,1
52,26,1
52,30,1
52,40,1
52,45,1
52,50,1
52,51,1
52,57,1
52,64,1
52,99,1
52,112,1
53,68,1
53,70,1
53,124,1
53,119,1
54,46,1
54,100,1
54,108,1
54,1,1
54,7,1
54,19,1
54,27,1
54,44,1
54,48,1
54,123,1
55,13,1
55,54,1
55,23,1
55,61,1
55,89,1
55,25,1
55,63,1
56,13,1
56,54,1
57,104,1
57,101,1
57,116,1
58,83,1
58,122,1
58,96,1
59,83,1
59,122,1
60,90,1
60,92,1
61,67,1
61,94,1
61,23,1
61,61,1
62,110,1
62,96,1
62,107,1
63,1,1
63,7,1
63,19,1
63,27,1
63,44,1
63,48,1
63,123,1
64,16,1
64,42,1
64,79,1
64,82,1
64,97,1
64,118,1
64,16,2
64,42,2
64,79,2
64,82,2
64,97,2
64,118,2
64,34,1
64,78,3
64,91,1
64,115,1
65,25,1
65,63,1
65,104,1
65,101,1
66,67,1
66,94,1
67,36,1
67,76,1
67,67,1
67,94,1
67,96,1
68,69,1
68,10,1
68,12,1
68,20,1
68,24,1
68,32,1
68,52,1
68,106,1
68,104,2
69,68,1
69,70,1
69,124,1
70,75,1
71,34,1
71,78,1
71,91,1
71,115,1
71,46,1
71,100,1
71,108,1
71,116,1
72,46,1
72,100,1
72,108,1
72,13,1
72,54,1
73,16,1
73,42,1
73,79,1
73,82,1
73,97,1
73,118,1
73,2,1
73,8,1
73,18,1
73,39,1
73,47,1
73,62,1
73,87,1
73,105,1
74,77,1
74,11,1
74,21,1
74,29,1
74,35,1
74,56,1
74,58,1
74,59,1
74,73,1
74,85,1
74,88,1
74,102,1
74,121,1
74,89,1
75,15,1
75,55,1
75,65,1
75,111,1
75,2,1
75,8,1
75,18,1
75,39,1
75,47,1
75,62,1
75,87,1
75,105,1
76,89,1
76,83,1
76,122,1
77,101,1
77,66,1
77,120,1
77,113,1
77,16,1
77,42,1
77,79,1
77,82,1
77,97,1
77,118,1
78,5,1
78,28,1
78,43,1
78,49,1
78,60,1
78,93,1
78,114,1
78,5,2
78,28,2
78,43,2
78,49,2
78,60,2
78,93,2
78,114,2
78,23,1
78,61,1
79,16,1
79,42,1
79,79,1
79,82,1
79,97,1
79,118,1
80,11,1
80,21,1
80,29,1
80,35,1
80,56,1
80,58,1
80,59,1
80,73,1
80,85,1
80,88,1
80,102,1
80,121,1
80,67,1
80,94,1
81,34,1
81,78,1
81,91,1
81,115,1
81,5,1
81,28,1
81,43,1
81,49,1
81,60,1
81,93,1
81,114,2
81,25,1
81,63,1
82,116,1
82,25,1
82,63,1
82,89,1
82,116,2
83,31,1
83,109,1
83,117,1
83,23,1
83,61,1
83,89,1
83,15,1
83,55,1
83,65,1
83,111,1
84,36,1
84,76,1
85,3,1
85,38,1
85,41,1
85,53,1
85,104,1
85,2,2
85,8,1
85,18,1
85,39,1
85,47,1
85,62,1
85,87,1
85,105,2
86,15,1
86,55,1
86,65,1
86,111,1
86,90,1
86,92,1
87,77,1
88,1,1
88,7,1
88,19,1
88,27,1
88,44,1
88,48,1
88,123,1
88,83,1
88,122,2
88,104,1
89,110,1
89,68,1
89,70,1
89,124,1
89,6,1
89,14,1
89,33,1
89,37,1
89,81,1
90,1,1
90,7,1
90,19,1
90,27,1
90,44,1
90,48,1
90,123,1
90,101,1
90,116,1
91,31,1
91,109,1
91,117,1
91,69,1
91,113,1
92,13,1
92,54,1
92,84,1
92,86,1
92,103,1
92,74,1
92,95,1
92,11,1
92,21,1
92,29,1
92,35,1
92,56,1
92,58,1
92,59,1
92,73,1
92,85,2
92,88,2
92,102,2
92,121,1
93,68,1
93,70,1
93,124,1
93,4,1
93,9,1
93,17,1
93,22,1
93,26,1
93,30,1
93,40,1
93,45,1
93,50,1
93,51,1
93,57,1
93,64,1
93,99,1
93,112,1
93,25,2
93,63,2
93,89,1
94,66,1
94,120,1
94,101,1
95,90,1
95,92,1
95,13,1
95,54,1
95,23,1
95,61,1
96,25,1
96,63,1
96,6,1
96,14,1
96,33,1
96,37,1
96,81,1
97,110,1
98,6,1
98,14,1
98,33,1
98,37,1
98,81,1
98,116,1
98,36,1
98,76,1
98,2,1
98,8,1
98,18,1
98,39,1
98,47,1
98,62,1
98,87,1
98,105,1
99,80,1
100,6,1
100,14,1
100,33,1
100,37,1
100,81,1
100,116,1
100,1,1
100,7,1
100,19,1
100,27,1
100,44,1
100,48,1
100,123,1
100,74,1
100,95,1
101,36,1
101,76,1
101,13,1
101,54,1
102,36,1
102,76,1
102,101,1
103,113,1
103,74,1
103,95,1
103,15,1
103,55,1
103,65,1
103,111,1
104,25,1
104,63,1
105,36,1
105,76,1
105,101,1
105,36,2
105,76,2
106,2,1
106,8,1
106,18,1
106,39,1
106,47,1
106,62,1
106,87,1
106,105,1
107,11,1
107,21,1
107,29,1
107,35,1
107,56,1
107,58,1
107,59,1
107,73,1
107,85,1
107,88,1
107,102,1
107,121,1
107,69,1
108,2,1
108,8,1
108,18,1
108,39,1
108,47,1
108,62,1
108,87,1
108,105,1
109,31,1
109,109,1
109,117,1
109,66,1
109,120,1
109,5,1
109,28,1
109,43,1
109,49,1
109,60,1
109,93,1
109,114,1
110,84,1
110,86,1
110,103,1
110,68,1
110,70,1
110,124,1
110,46,1
110,100,1
110,108,1
110,104,1
111,80,1
111,107,1
111,10,1
111,12,1
111,20,1
111,24,1
111,32,1
111,52,1
111,106,1
112,34,1
112,78,1
112,91,1
112,115,1
112,119,1
113,25,1
113,63,1
113,68,1
113,70,1
113,124,1
113,72,1
114,98,1
115,34,1
115,78,1
115,91,1
115,115,1
116,11,1
116,21,1
116,29,1
116,35,1
116,56,1
116,58,1
116,59,1
116,73,1
116,85,1
116,88,1
116,102,1
116,121,1
116,23,1
116,61,1
117,13,1
117,54,1
117,2,1
117,8,1
117,18,1
117,39,1
117,47,1
117,62,1
117,87,1
117,105,1
117,67,1
117,94,1
118,80,1
118,5,1
118,28,1
118,43,1
118,49,1
118,60,1
118,93,1
118,114,1
118,23,1
118,61,1
119,16,1
119,42,1
119,79,1
119,82,1
119,97,1
119,118,1
119,67,1
119,94,1
120,2,1
120,8,1
120,18,1
120,39,1
120,47,1
120,62,1
120,87,1
120,105,1
120,46,1
120,100,1
120,108,1
120,69,1
120,11,1
120,21,1
120,29,1
120,35,1
120,56,1
120,58,1
120,59,1
120,73,1
120,85,1
120,88,1
120,102,1
120,121,1
121,10,1
121,12,1
121,20,1
121,24,1
121,32,1
121,52,1
121,106,1
121,98,1
121,71,1
121,23,2
121,61,1
122,74,1
122,95,1
122,15,1
122,55,1
122,65,1
122,111,1
123,68,1
123,70,1
123,124,1
123,11,1
123,21,1
123,29,1
123,35,1
123,56,1
123,58,1
123,59,1
123,73,1
123,85,1
123,88,1
123,102,1
123,121,1
123,110,1
124,67,1
124,94,1
124,11,1
124,21,1
124,29,1
124,35,1
124,56,1
124,58,1
124,59,1
124,73,1
124,85,1
124,88,1
124,102,1
124,121,1
125,2,1
125,8,1
125,18,1
125,39,1
125,47,1
125,62,1
125,87,1
125,105,1
125,113,1
126,11,1
126,21,1
126,29,1
126,35,1
126,56,1
126,58,1
126,59,1
126,73,1
126,85,1
126,88,1
126,102,1
126,121,1
127,69,1
128,15,1
128,55,1
128,65,1
128,111,1
128,66,1
128,120,1
129,71,1
130,89,1
130,116,1
131,80,1
131,107,1
131,5,1
131,28,1
131,43,1
131,49,1
131,60,1
131,93,1
131,114,1
131,16,1
131,42,1
131,79,1
131,82,2
131,97,1
131,118,1
132,3,1
132,38,1
132,41,1
132,53,1
132,119,1
133,90,1
133,92,1
133,89,2
133,5,1
133,28,1
133,43,1
133,49,1
133,60,1
133,93,2
133,114,1
133,96,1
134,71,1
134,5,1
134,28,1
134,43,1
134,49,1
134,60,1
134,93,1
134,114,1
135,90,1
135,92,1
135,116,1
135,1,1
135,7,1
135,19,1
135,27,1
135,44,1
135,48,1
135,123,1
136,15,1
136,55,1
136,65,1
136,111,1
136,23,1
136,61,1
136,23,2
136,61,2
137,104,1
137,89,1
137,84,1
137,86,1
137,103,1
138,46,1
138,100,1
138,108,1
139,31,1
139,109,1
139,117,1
140,75,1
141,13,1
141,54,1
141,34,1
141,78,1
141,91,1
141,115,1
142,69,1
143,23,1
143,61,1
143,3,1
143,38,1
143,41,1
143,53,1
143,110,1
144,67,1
144,94,1
144,101,1
144,6,1
144,14,1
144,33,1
144,37,1
144,81,1
145,101,1
145,90,1
145,92,1
145,89,2
146,104,1
146,13,1
146,54,1
146,66,1
146,120,1
147,34,1
147,78,1
147,91,1
147,115,1
147,34,2
147,78,2
147,91,2
147,115,2
148,4,1
148,9,1
148,17,1
148,22,1
148,26,1
148,30,1
148,40,1
148,45,1
148,50,1
148,51,1
148,57,1
148,64,1
148,99,1
148,112,1
149,83,1
149,122,1
149,34,1
149,78,1
149,91,1
149,115,1
150,96,1
151,71,1
151,5,1
151,28,1
151,43,1
151,49,1
151,60,1
151,93,1
151,114,1
151,15,1
151,55,1
151,65,1
151,111,1
152,89,1
153,113,1
153,113,2
153,36,1
153,76,1
153,113,3
154,83,1
154,122,1
154,71,1
154,23,1
154,61,1
154,110,1
155,72,1
155,113,1
156,16,1
156,42,1
156,79,1
156,82,1
156,97,1
156,118,1
156,74,1
156,95,2
156,77,2
156,110,1
157,34,1
157,78,1
157,91,1
157,115,1
157,74,1
157,95,1
158,74,1
158,95,1
158,110,1
159,104,1
160,1,1
160,7,1
160,19,1
160,27,1
160,44,1
160,48,1
160,123,1
161,110,1
162,104,1
162,15,1
162,55,1
162,65,1
162,111,1
163,11,1
163,21,1
163,29,1
163,35,1
163,56,1
163,58,1
163,59,1
163,73,1
163,85,1
163,88,1
163,102,1
163,121,1
163,6,1
163,14,1
163,33,1
163,37,1
163,81,1
164,116,1
164,2,1
164,8,1
164,18,1
164,39,1
164,47,1
164,62,1
164,87,1
164,105,1
164,84,1
164,86,1
164,103,1
165,46,1
165,100,1
165,108,1
166,71,1
166,68,1
166,70,1
166,124,1
166,107,1
167,84,1
167,86,1
167,103,1
167,66,1
167,120,1
168,36,1
168,76,1
168,80,1
169,23,1
169,61,1
170,107,1
170,36,1
170,76,1
171,77,1
171,74,1
171,95,1
171,16,1
171,42,1
171,79,2
171,82,1
171,97,2
171,118,1
171,107,1
172,104,1
172,80,1
172,10,1
172,12,1
172,20,1
172,24,1
172,32,1
172,52,1
172,106,2
173,23,1
173,61,1
173,46,1
173,100,1
173,108,1
174,89,1
174,68,1
174,70,1
174,124,1
175,16,1
175,42,1
175,79,1
175,82,1
175,97,1
175,118,1
175,72,1
176,84,1
176,86,1
176,103,1
177,90,1
177,92,1
177,16,1
177,42,1
177,79,1
177,82,1
177,97,1
177,118,1
178,90,1
178,92,1
178,2,1
178,8,1
178,18,1
178,39,1
178,47,1
178,62,1
178,87,1
178,105,1
179,96,1
179,34,1
179,78,1
179,91,1
179,115,1
180,6,1
180,14,1
180,33,1
180,37,1
180,81,1
180,11,1
180,21,1
180,29,1
180,35,1
180,56,1
180,58,1
180,59,1
180,73,1
180,85,1
180,88,1
180,102,1
180,121,1
180,25,1
180,63,1
181,2,1
181,8,1
181,18,1
181,39,1
181,47,1
181,62,1
181,87,1
181,105,1
181,10,1
181,12,1
181,20,1
181,24,1
181,32,1
181,52,1
181,106,2
181,110,1
182,36,1
182,76,1
182,77,1
182,71,1
182,90,1
182,92,1
183,1,1
183,7,1
183,19,1
183,27,1
183,44,1
183,48,1
183,123,1
184,96,1
185,15,1
185,55,1
185,65,1
185,111,1
186,16,1
186,42,1
186,79,1
186,82,1
186,97,1
186,118,1
186,13,1
186,54,1
186,3,1
186,38,1
186,41,2
186,53,2
187,66,1
187,120,1
187,116,1
187,16,1
187,42,1
187,79,1
187,82,1
187,97,1
187,118,2
188,25,1
188,63,1
188,66,1
188,120,1
189,4,1
189,9,1
189,17,1
189,22,1
189,26,1
189,30,1
189,40,1
189,45,1
189,50,1
189,51,1
189,57,1
189,64,1
189,99,1
189,112,1
190,84,1
190,86,1
190,103,1
190,46,1
190,100,1
190,108,1
190,116,1
191,83,1
191,122,1
191,83,2
191,122,2
192,75,1
192,31,1
192,109,1
192,117,1
193,10,1
193,12,1
193,20,1
193,24,1
193,32,1
193,52,1
193,106,1
194,25,1
194,63,1
194,5,1
194,28,1
194,43,1
194,49,1
194,60,1
194,93,1
194,114,1
194,107,1
195,104,1
196,5,1
196,28,1
196,43,1
196,49,1
196,60,1
196,93,1
196,114,1
196,2,1
196,8,1
196,18,1
196,39,1
196,47,1
196,62,1
196,87,1
196,105,1
197,46,1
197,100,1
197,108,1
197,16,1
197,42,1
197,79,1
197,82,1
197,97,1
197,118,1
198,2,1
198,8,1
198,18,1
198,39,1
198,47,1
198,62,1
198,87,1
198,105,1
198,67,1
198,94,1
198,2,2
198,8,2
198,18,2
198,39,2
198,47,2
198,62,2
198,87,2
198,105,2
198,25,1
198,63,1
199,15,1
199,55,1
199,65,1
199,111,1
199,98,1
199,68,1
199,70,1
199,124,1
199,11,1
199,21,1
199,29,1
199,35,1
199,56,2
199,58,1
199,59,1
199,73,1
199,85,1
199,88,1
199,102,1
199,121,1
200,107,1
200,3,1
200,38,1
200,41,1
200,53,1
201,101,1
201,84,1
201,86,1
201,103,2
201,77,1
201,110,1
202,16,1
202,42,1
202,79,1
202,82,1
202,97,1
202,118,1
202,74,1
202,95,2
203,113,1
204,16,1
204,42,1
204,79,1
204,82,1
204,97,1
204,118,1
204,31,1
204,109,1
204,117,2
204,6,1
204,14,1
204,33,1
204,37,1
204,81,2
204,119,1
205,15,1
205,55,1
205,65,1
205,111,1
205,89,1
206,90,1
206,92,1
206,77,1
206,6,1
206,14,1
206,33,1
206,37,1
206,81,1
207,84,1
207,86,1
207,103,1
207,1,1
207,7,1
207,19,1
207,27,1
207,44,1
207,48,1
207,123,1
207,11,1
207,21,1
207,29,1
207,35,1
207,56,1
207,58,1
207,59,1
207,73,1
207,85,2
207,88,2
207,102,2
207,121,1
207,83,3
207,122,2
208,68,1
208,70,1
208,124,1
208,31,1
208,109,1
208,117,1
208,25,1
208,63,1
209,3,1
209,38,1
209,41,1
209,53,1
210,84,1
210,86,1
210,103,1
210,66,1
210,120,1
210,83,2
210,122,1
210,83,3
210,122,2
211,34,1
211,78,1
211,91,1
211,115,1
211,74,1
211,95,1
211,25,1
211,63,1
211,23,1
211,61,1
212,113,1
212,71,1
212,116,1
213,36,1
213,76,1
213,13,1
213,54,1
213,80,1
213,119,1
214,77,1
214,84,1
214,86,1
214,103,1
214,80,1
214,15,1
214,55,1
214,65,1
214,111,1
215,96,1
215,83,1
215,122,1
215,69,1
215,110,1
216,36,1
216,76,1
216,84,1
216,86,1
216,103,1
216,3,1
216,38,1
216,41,1
216,53,1
216,104,1
217,116,1
217,84,1
217,86,1
217,103,1
217,13,1
217,54,1
217,31,1
217,109,1
217,117,2
218,75,1
218,66,1
218,120,1
218,10,1
218,12,1
218,20,1
218,24,1
218,32,1
218,52,1
218,106,1
219,11,1
219,21,1
219,29,1
219,35,1
219,56,1
219,58,1
219,59,1
219,73,1
219,85,1
219,88,1
219,102,1
219,121,1
219,16,1
219,42,1
219,79,1
219,82,1
219,97,1
219,118,1
219,25,1
219,63,1
220,36,1
220,76,1
220,34,1
220,78,1
220,91,1
220,115,1
220,104,1
220,113,2
221,90,1
221,92,1
222,68,1
222,70,1
222,124,1
222,113,1
222,110,1
222,80,1
223,89,1
223,101,1
223,11,1
223,21,1
223,29,1
223,35,1
223,56,1
223,58,1
223,59,1
223,73,1
223,85,1
223,88,1
223,102,2
223,121,1
223,69,1
224,75,1
224,74,2
224,95,1
224,89,1
225,10,1
225,12,1
225,20,1
225,24,1
225,32,1
225,52,1
225,106,1
226,11,1
226,21,1
226,29,1
226,35,1
226,56,1
226,58,1
226,59,1
226,73,1
226,85,1
226,88,1
226,102,1
226,121,1
226,80,1
227,72,1
227,89,1
228,1,1
228,7,1
228,19,1
228,27,1
228,44,1
228,48,1
228,123,1
228,13,1
228,54,1
228,1,2
228,7,2
228,19,2
228,27,2
228,44,2
228,48,2
228,123,2
228,83,1
228,122,3
229,23,1
229,61,1
229,34,1
229,78,1
229,91,1
229,115,1
230,69,1
231,6,1
231,14,1
231,33,1
231,37,1
231,81,1
232,104,1
232,84,1
232,86,1
232,103,1
233,80,1
233,89,1
234,25,1
234,63,1
235,13,1
235,54,1
235,67,1
235,94,1
235,116,1
236,101,1
236,96,1
236,75,1
237,116,1
237,107,1
237,36,1
237,76,1
238,1,1
238,7,1
238,19,1
238,27,1
238,44,1
238,48,1
238,123,1
239,3,1
239,38,1
239,41,1
239,53,1
239,69,1
239,13,1
239,54,2
240,2,1
240,8,1
240,18,1
240,39,1
240,47,1
240,62,1
240,87,1
240,105,1
241,13,1
241,54,1
241,10,1
241,12,2
241,20,1
241,24,1
241,32,1
241,52,1
241,106,1
241,6,1
241,14,3
241,33,1
241,37,1
241,81,1
242,77,1
242,67,1
242,94,1
242,90,1
242,92,2
242,16,1
242,42,1
242,79,2
242,82,1
242,97,1
242,118,1
243,69,1
244,5,1
244,28,1
244,43,1
244,49,1
244,60,1
244,93,1
244,114,1
244,31,1
244,109,1
244,117,1
244,107,2
245,80,1
245,98,1
246,69,1
246,71,1
246,104,1
246,2,1
246,8,1
246,18,1
246,39,1
246,47,1
246,62,1
246,87,1
246,105,2
247,66,1
247,120,1
247,89,1
247,67,2
247,94,1
247,5,1
247,28,1
247,43,1
247,49,1
247,60,1
247,93,2
247,114,1
248,90,1
248,92,1
248,36,1
248,76,1
248,116,1
248,98,1
249,23,1
249,61,1
249,67,1
249,94,1
250,101,1
250,31,1
250,109,1
250,117,1
251,66,1
251,120,1
251,101,1
251,25,1
251,63,1
252,69,1
252,69,2
252,31,1
252,109,1
252,117,1
252,31,2
252,109,2
252,117,2
253,84,1
253,86,1
253,103,1
253,119,1
254,119,1
254,69,1
254,80,1
254,113,1
255,6,1
255,14,1
255,33,1
255,37,1
255,81,1
255,4,2
255,9,1
255,17,1
255,22,1
255,26,1
255,30,1
255,40,1
255,45,1
255,50,1
255,51,1
255,57,1
255,64,1
255,99,1
255,112,1
255,83,1
255,122,1
256,15,1
256,55,1
256,65,1
256,111,1
257,36,1
257,76,1
257,77,1
258,3,1
258,38,1
258,41,1
258,53,1
259,89,1
259,69,1
259,25,1
259,63,1
259,98,1
260,1,1
260,7,1
260,19,1
260,27,1
260,44,1
260,48,1
260,123,1
260,11,1
260,21,1
260,29,1
260,35,1
260,56,1
260,58,1
260,59,1
260,73,1
260,85,1
260,88,1
260,102,1
260,121,1
260,2,2
260,8,2
260,18,1
260,39,1
260,47,2
260,62,1
260,87,2
260,105,1
260,75,1
261,77,1
261,75,1
261,72,1
262,101,1
262,11,1
262,21,1
262,29,1
262,35,1
262,56,1
262,58,1
262,59,1
262,73,1
262,85,1
262,88,1
262,102,2
262,121,1
263,101,1
263,36,1
263,76,1
263,2,1
263,8,1
263,18,1
263,39,1
263,47,1
263,62,1
263,87,1
263,105,1
263,110,1
264,89,1
265,23,1
265,61,1
265,104,1
265,5,1
265,28,1
265,43,1
265,49,1
265,60,1
265,93,1
265,114,1
266,69,1
266,113,1
266,11,1
266,21,1
266,29,1
266,35,1
266,56,1
266,58,1
266,59,1
266,73,1
266,85,1
266,88,1
266,102,1
266,121,1
266,75,1
267,113,1
268,80,1
268,74,1
268,95,1
269,101,1
269,72,1
270,90,1
270,92,1
271,6,1
271,14,1
271,33,1
271,37,1
271,81,1
272,13,1
272,54,1
272,1,1
272,7,1
272,19,1
272,27,1
272,44,1
272,48,1
272,123,1
272,71,1
273,101,1
274,4,1
274,9,1
274,17,1
274,22,1
274,26,1
274,30,1
274,40,1
274,45,1
274,50,1
274,51,1
274,57,1
274,64,1
274,99,1
274,112,1
275,11,1
275,21,1
275,29,1
275,35,1
275,56,1
275,58,1
275,59,1
275,73,1
275,85,1
275,88,1
275,102,1
275,121,1
275,98,1
275,1,1
275,7,1
275,19,1
275,27,1
275,44,1
275,48,1
275,123,1
276,66,1
276,120,1
277,77,1
277,84,1
277,86,1
277,103,1
278,101,1
278,110,1
278,46,1
278,100,1
278,108,1
278,13,1
278,54,1
279,80,1
279,72,1
279,68,1
279,70,1
279,124,1
280,25,1
280,63,1
280,98,1
280,71,1
281,72,1
282,113,1
283,119,1
283,83,1
283,122,1
283,66,1
283,120,2
284,68,1
284,70,1
284,124,1
285,46,1
285,100,1
285,108,1
285,36,1
285,76,1
285,13,1
285,54,1
286,89,1
286,113,1
286,77,1
287,80,1
287,75,1
287,34,1
287,78,1
287,91,1
287,115,1
288,4,1
288,9,1
288,17,1
288,22,1
288,26,1
288,30,1
288,40,1
288,45,1
288,50,1
288,51,1
288,57,1
288,64,1
288,99,1
288,112,1
288,113,1
288,36,1
288,76,1
288,75,2
289,113,1
290,119,1
290,34,1
290,78,1
290,91,1
290,115,1
290,1,1
290,7,1
290,19,1
290,27,1
290,44,1
290,48,1
290,123,1
291,90,1
291,92,1
291,77,1
291,5,1
291,28,1
291,43,1
291,49,1
291,60,1
291,93,2
291,114,1
291,107,1
292,25,1
292,63,1
292,13,1
292,54,1
292,96,1
293,13,1
293,54,1
293,3,1
293,38,1
293,41,1
293,53,2
293,80,1
293,69,1
294,119,1
294,2,1
294,8,1
294,18,1
294,39,1
294,47,1
294,62,1
294,87,1
294,105,1
294,89,1
295,90,1
295,92,1
295,77,1
295,84,1
295,86,1
295,103,1
296,116,1
296,46,1
296,100,1
296,108,1
297,1,1
297,7,1
297,19,1
297,27,1
297,44,1
297,48,1
297,123,1
297,98,1
297,75,1
297,67,1
297,94,1
298,71,1
299,68,1
299,70,1
299,124,1
299,119,1
299,110,1
300,107,1
300,1,1
300,7,1
300,19,1
300,27,1
300,44,1
300,48,1
300,123,1
300,68,1
300,70,1
300,124,2
300,113,1
301,68,1
301,70,1
301,124,1
301,25,1
301,63,1
301,25,2
301,63,2
301,116,1
302,3,1
302,38,1
302,41,1
302,53,1
302,71,1
303,104,1
303,104,2
303,74,1
303,95,1
303,1,1
303,7,1
303,19,1
303,27,1
303,44,1
303,48,1
303,123,1
304,31,1
304,109,1
304,117,1
304,77,1
304,77,2
305,69,1
306,98,1
306,2,1
306,8,1
306,18,1
306,39,1
306,47,1
306,62,1
306,87,1
306,105,1
307,46,1
307,100,1
307,108,1
308,36,1
308,76,1
309,110,1
309,89,1
309,77,1
309,31,1
309,109,1
309,117,1
310,34,1
310,78,1
310,91,1
310,115,1
310,75,1
311,36,1
311,76,1
311,25,1
311,63,1
311,2,1
311,8,1
311,18,1
311,39,1
311,47,1
311,62,1
311,87,1
311,105,1
311,75,2
312,67,1
312,94,1
312,23,1
312,61,1
312,2,1
312,8,1
312,18,1
312,39,1
312,47,1
312,62,2
312,87,1
312,105,1
313,13,1
313,54,1
313,46,1
313,100,1
313,108,1
313,96,1
313,116,1
314,16,1
314,42,1
314,79,1
314,82,1
314,97,1
314,118,1
315,16,1
315,42,1
315,79,1
315,82,1
315,97,1
315,118,1
316,34,1
316,78,1
316,91,1
316,115,1
316,104,1
317,110,1
318,83,1
318,122,1
319,104,1
319,84,1
319,86,1
319,103,1
320,68,1
320,70,1
320,124,1
320,31,1
320,109,1
320,117,1
320,96,1
321,3,1
321,38,1
321,41,1
321,53,1
321,34,1
321,78,1
321,91,1
321,115,1
321,116,1
321,98,1
322,16,1
322,42,1
322,79,1
322,82,1
322,97,1
322,118,1
322,71,1
322,11,1
322,21,1
322,29,1
322,35,1
322,56,1
322,58,1
322,59,1
322,73,2
322,85,1
322,88,1
322,102,1
322,121,1
323,67,1
323,94,1
323,23,1
323,61,1
323,66,2
323,120,1
323,84,1
323,86,1
323,103,1
324,96,1
324,6,1
324,14,1
324,33,1
324,37,1
324,81,1
324,11,1
324,21,1
324,29,1
324,35,1
324,56,1
324,58,1
324,59,1
324,73,1
324,85,1
324,88,1
324,102,1
324,121,1
324,13,2
324,54,1
325,6,1
325,14,1
325,33,1
325,37,1
325,81,1
326,67,1
326,94,1
326,23,1
326,61,1
327,75,1
327,107,1
327,116,1
328,10,1
328,12,1
328,20,1
328,24,1
328,32,1
328,52,1
328,106,1
328,104,2
329,74,1
329,95,1
329,16,1
329,42,1
329,79,1
329,82,1
329,97,2
329,118,1
330,101,1
330,72,1
330,116,1
330,31,1
330,109,1
330,117,2
331,67,1
331,94,1
332,68,1
332,70,1
332,124,1
332,71,1
332,84,1
332,86,1
332,103,1
332,69,2
333,90,1
333,92,1
333,3,1
333,38,1
333,41,1
333,53,1
334,75,1
334,66,1
334,120,1
334,36,1
334,76,2
334,90,1
334,92,1
335,11,1
335,21,1
335,29,1
335,35,1
335,56,1
335,58,1
335,59,1
335,73,1
335,85,1
335,88,1
335,102,1
335,121,1
335,4,1
335,9,2
335,17,1
335,22,2
335,26,1
335,30,2
335,40,1
335,45,1
335,50,1
335,51,1
335,57,2
335,64,1
335,99,1
335,112,1
335,98,2
335,5,2
335,28,1
335,43,1
335,49,2
335,60,2
335,93,1
335,114,1
336,80,1
336,36,1
336,76,1
336,46,1
336,100,1
336,108,1
336,34,1
336,78,1
336,91,1
336,115,1
337,34,1
337,78,1
337,91,1
337,115,1
338,113,1
338,67,1
338,94,1
338,6,1
338,14,1
338,33,1
338,37,1
338,81,1
338,5,2
338,28,1
338,43,1
338,49,1
338,60,1
338,93,2
338,114,2
339,68,1
339,70,1
339,124,1
339,72,1
339,11,1
339,21,1
339,29,1
339,35,1
339,56,1
339,58,1
339,59,1
339,73,2
339,85,1
339,88,1
339,102,1
339,121,1
339,13,1
339,54,1
340,36,1
340,76,1
341,2,1
341,8,1
341,18,1
341,39,1
341,47,1
341,62,1
341,87,1
341,105,1
341,66,1
341,120,1
341,68,2
341,70,1
341,124,2
342,90,1
342,92,1
343,67,1
343,94,1
344,116,1
344,11,1
344,21,1
344,29,1
344,35,1
344,56,1
344,58,1
344,59,1
344,73,1
344,85,1
344,88,1
344,102,1
344,121,1
344,75,1
344,89,1
345,16,1
345,42,1
345,79,1
345,82,1
345,97,1
345,118,1
345,104,1
345,101,1
346,23,1
346,61,1
346,77,1
347,104,1
347,34,1
347,78,1
347,91,1
347,115,1
347,71,1
347,113,2
348,96,1
348,71,1
348,68,1
348,70,1
348,124,1
348,3,1
348,38,1
348,41,1
348,53,1
349,75,1
350,3,1
350,38,1
350,41,1
350,53,1
350,2,2
350,8,1
350,18,1
350,39,1
350,47,1
350,62,1
350,87,1
350,105,1
351,101,1
351,16,1
351,42,1
351,79,1
351,82,1
351,97,1
351,118,1
351,84,1
351,86,1
351,103,2
351,80,2
352,107,1
353,36,1
353,76,1
353,80,1
353,25,1
353,63,1
354,68,1
354,70,1
354,124,1
354,13,1
354,54,1
355,98,1
355,84,1
355,86,1
355,103,1
356,67,1
356,94,1
356,3,1
356,38,1
356,41,1
356,53,1
357,104,1
357,36,1
357,76,1
358,113,1
359,1,1
359,7,1
359,19,1
359,27,1
359,44,1
359,48,1
359,123,1
359,10,1
359,12,1
359,20,2
359,24,1
359,32,1
359,52,1
359,106,1
359,72,1
359,84,1
359,86,1
359,103,1
360,84,1
360,86,1
360,103,1
361,68,1
361,70,1
361,124,1
361,80,1
361,98,1
361,25,1
361,63,1
362,71,1
362,80,1
362,3,1
362,38,1
362,41,1
362,53,1
362,1,2
362,7,1
362,19,1
362,27,1
362,44,1
362,48,1
362,123,1
363,110,1
363,113,1
363,104,1
364,119,1
365,107,1
365,10,1
365,12,1
365,20,1
365,24,1
365,32,1
365,52,1
365,106,1
365,13,2
365,54,1
366,5,1
366,28,1
366,43,1
366,49,1
366,60,1
366,93,1
366,114,1
366,25,1
366,63,1
366,113,2
366,1,1
366,7,1
366,19,1
366,27,2
366,44,2
366,48,1
366,123,1
367,46,1
367,100,1
367,108,1
367,74,1
367,95,1
368,89,1
368,34,1
368,78,1
368,91,2
368,115,1
368,98,1
368,77,2
369,3,1
369,38,1
369,41,1
369,53,1
370,69,1
370,89,1
370,110,1
370,96,1
371,66,1
371,120,1
371,113,1
372,80,1
372,23,1
372,61,1
372,69,1
372,13,1
372,54,1
373,36,1
373,76,1
374,116,1
374,110,1
374,25,1
374,63,1
375,15,1
375,55,1
375,65,1
375,111,1
376,80,1
376,4,1
376,9,1
376,17,1
376,22,1
376,26,1
376,30,1
376,40,1
376,45,1
376,50,1
376,51,1
376,57,1
376,64,1
376,99,1
376,112,1
376,119,1
377,75,1
377,110,1
377,119,1
378,10,1
378,12,1
378,20,1
378,24,1
378,32,1
378,52,1
378,106,1
379,1,1
379,7,1
379,19,1
379,27,1
379,44,1
379,48,1
379,123,1
379,80,1
379,36,1
379,76,1
379,101,1
380,83,1
380,122,1
380,11,1
380,21,1
380,29,1
380,35,1
380,56,1
380,58,1
380,59,1
380,73,1
380,85,2
380,88,1
380,102,1
380,121,1
381,98,1
381,36,1
381,76,1
382,3,1
382,38,1
382,41,1
382,53,1
382,15,1
382,55,1
382,65,1
382,111,1
383,104,1
383,4,1
383,9,1
383,17,1
383,22,1
383,26,1
383,30,1
383,40,1
383,45,1
383,50,1
383,51,1
383,57,1
383,64,1
383,99,1
383,112,1
383,119,1
383,68,1
383,70,1
383,124,1
384,6,1
384,14,1
384,33,1
384,37,1
384,81,1
384,4,2
384,9,1
384,17,1
384,22,1
384,26,1
384,30,1
384,40,1
384,45,1
384,50,1
384,51,1
384,57,1
384,64,1
384,99,1
384,112,1
385,83,1
385,122,1
385,10,1
385,12,1
385,20,1
385,24,1
385,32,1
385,52,1
385,106,1
386,23,1
386,61,1
386,90,1
386,92,1
386,80,1
387,15,1
387,55,1
387,65,1
387,111,1
387,16,2
387,42,1
387,79,1
387,82,1
387,97,1
387,118,1
387,77,2
387,119,1
388,67,1
388,94,1
389,119,1
389,25,1
389,63,1
389,36,1
389,76,1
390,25,1
390,63,1
391,101,1
392,11,1
392,21,1
392,29,1
392,35,1
392,56,1
392,58,1
392,59,1
392,73,1
392,85,1
392,88,1
392,102,1
392,121,1
392,36,2
392,76,1
392,116,1
393,113,1
393,69,1
393,68,1
393,70,2
393,124,1
393,84,1
393,86,1
393,103,1
394,67,1
394,94,1
394,101,1
395,36,1
395,76,1
395,6,1
395,14,1
395,33,1
395,37,1
395,81,1
395,11,1
395,21,1
395,29,1
395,35,2
395,56,1
395,58,1
395,59,1
395,73,1
395,85,1
395,88,1
395,102,1
395,121,1
396,90,1
396,92,1
396,15,1
396,55,1
396,65,1
396,111,1
396,36,1
396,76,1
396,66,1
396,120,1
397,75,1
398,34,1
398,78,1
398,91,1
398,115,1
398,116,1
398,72,1
399,84,1
399,86,1
399,103,1
399,6,1
399,14,1
399,33,1
399,37,1
399,81,1
399,6,2
399,14,2
399,33,2
399,37,2
399,81,2
400,1,1
400,7,1
400,19,1
400,27,1
400,44,1
400,48,1
400,123,1
400,13,1
400,54,1
400,15,1
400,55,1
400,65,1
400,111,1
400,13,2
400,54,2
401,46,1
401,100,1
401,108,1
401,104,1
401,66,1
401,120,1
401,89,1
402,104,1
402,3,1
402,38,1
402,41,1
402,53,1
403,31,1
403,109,1
403,117,1
403,16,1
403,42,1
403,79,1
403,82,1
403,97,1
403,118,2
403,90,1
403,92,1
403,113,1
404,110,1
404,46,1
404,100,1
404,108,1
404,1,1
404,7,1
404,19,1
404,27,1
404,44,1
404,48,1
404,123,1
404,107,2
405,98,1
406,75,1
407,3,1
407,38,1
407,41,1
407,53,1
407,119,1
408,4,1
408,9,1
408,17,1
408,22,1
408,26,1
408,30,1
408,40,1
408,45,1
408,50,1
408,51,1
408,57,1
408,64,1
408,99,1
408,112,1
408,69,1
409,2,1
409,8,1
409,18,1
409,39,1
409,47,1
409,62,1
409,87,1
409,105,1
410,98,1
410,110,1
410,67,1
410,94,1
411,5,1
411,28,1
411,43,1
411,49,1
411,60,1
411,93,1
411,114,1
411,34,1
411,78,1
411,91,1
411,115,2
411,98,1
411,10,1
411,12,1
411,20,1
411,24,1
411,32,1
411,52,1
411,106,1
412,67,1
412,94,1
412,74,1
412,95,1
412,71,1
412,77,1
413,83,1
413,122,1
413,10,1
413,12,1
413,20,1
413,24,1
413,32,1
413,52,1
413,106,1
413,101,1
414,84,1
414,86,1
414,103,1
414,10,1
414,12,1
414,20,1
414,24,1
414,32,1
414,52,1
414,106,1
414,31,2
414,109,1
414,117,1
414,16,1
414,42,1
414,79,1
414,82,1
414,97,1
414,118,2
415,4,1
415,9,1
415,17,1
415,22,1
415,26,1
415,30,1
415,40,1
415,45,1
415,50,1
415,51,1
415,57,1
415,64,1
415,99,1
415,112,1
415,84,1
415,86,1
415,103,1
415,75,1
415,110,2
416,89,1
416,1,1
416,7,1
416,19,1
416,27,1
416,44,1
416,48,1
416,123,1
416,13,1
416,54,1
417,10,1
417,12,1
417,20,1
417,24,1
417,32,1
417,52,1
417,106,1
417,10,2
417,12,2
417,20,2
417,24,2
417,32,2
417,52,2
417,106,2
417,11,3
417,21,1
417,29,1
417,35,1
417,56,1
417,58,1
417,59,1
417,73,1
417,85,1
417,88,1
417,102,1
417,121,1
418,110,1
418,72,1
418,23,1
418,61,1
419,110,1
419,23,1
419,61,1
419,110,2
420,75,1
421,31,1
421,109,1
421,117,1
422,68,1
422,70,1
422,124,1
422,80,1
422,4,1
422,9,1
422,17,1
422,22,1
422,26,1
422,30,1
422,40,1
422,45,1
422,50,1
422,51,1
422,57,1
422,64,1
422,99,1
422,112,1
423,84,1
423,86,1
423,103,1
424,16,1
424,42,1
424,79,1
424,82,1
424,97,1
424,118,1
424,46,1
424,100,1
424,108,1
424,80,2
425,83,1
425,122,1
425,84,2
425,86,1
425,103,1
425,83,3
425,122,2
426,98,1
426,80,1
426,110,1
426,110,2
427,84,1
427,86,1
427,103,1
427,5,1
427,28,1
427,43,1
427,49,1
427,60,1
427,93,1
427,114,1
427,89,1
427,83,2
427,122,1
428,5,1
428,28,1
428,43,1
428,49,1
428,60,1
428,93,1
428,114,1
428,75,1
429,90,1
429,92,1
429,107,1
430,84,1
430,86,1
430,103,1
430,46,1
430,100,1
430,108,1
430,69,1
431,72,1
431,34,1
431,78,1
431,91,1
431,115,1
431,13,1
431,54,1
432,6,1
432,14,1
432,33,1
432,37,1
432,81,1
432,36,1
432,76,1
433,1,1
433,7,1
433,19,1
433,27,1
433,44,1
433,48,1
433,123,1
433,110,1
434,98,1
434,3,1
434,38,1
434,41,1
434,53,1
435,80,1
436,72,1
437,23,1
437,61,1
437,72,1
438,46,1
438,100,1
438,108,1
438,23,1
438,61,1
438,84,1
438,86,1
438,103,1
438,23,2
438,61,2
439,74,1
439,95,1
439,96,2
439,46,1
439,100,1
439,108,1
439,4,1
439,9,1
439,17,1
439,22,1
439,26,1
439,30,1
439,40,1
439,45,2
439,50,1
439,51,1
439,57,1
439,64,1
439,99,2
439,112,1
440,101,1
440,71,1
440,107,1
441,89,1
441,23,1
441,61,1
441,11,1
441,21,1
441,29,1
441,35,1
441,56,1
441,58,1
441,59,1
441,73,1
441,85,1
441,88,1
441,102,1
441,121,1
441,46,1
441,100,1
441,108,1
442,11,1
442,21,1
442,29,1
442,35,1
442,56,1
442,58,1
442,59,1
442,73,1
442,85,1
442,88,1
442,102,1
442,121,1
443,66,1
443,120,1
444,5,1
444,28,1
444,43,1
444,49,1
444,60,1
444,93,1
444,114,1
445,119,1
446,13,1
446,54,1
446,84,1
446,86,1
446,103,1
447,2,1
447,8,1
447,18,1
447,39,1
447,47,1
447,62,1
447,87,1
447,105,1
447,23,1
447,61,2
448,16,1
448,42,1
448,79,1
448,82,1
448,97,1
448,118,1
449,66,1
449,120,1
449,15,1
449,55,1
449,65,1
449,111,1
449,101,1
449,31,1
449,109,1
449,117,1
450,13,1
450,54,1
450,2,1
450,8,1
450,18,1
450,39,1
450,47,1
450,62,1
450,87,1
450,105,1
450,89,1
450,101,1
451,89,1
451,77,1
451,66,1
451,120,1
451,101,1
452,71,1
452,25,1
452,63,1
452,6,1
452,14,1
452,33,1
452,37,1
452,81,1
453,98,1
454,113,1
454,119,1
454,107,1
455,34,1
455,78,1
455,91,1
455,115,1
456,68,1
456,70,1
456,124,1
456,31,1
456,109,1
456,117,1
456,89,1
457,90,1
457,92,1
457,15,1
457,55,1
457,65,1
457,111,1
457,101,1
457,36,1
457,76,1
458,84,1
458,86,1
458,103,1
458,66,1
458,120,1
458,113,1
459,11,1
459,21,1
459,29,1
459,35,1
459,56,1
459,58,1
459,59,1
459,73,1
459,85,1
459,88,1
459,102,1
459,121,1
459,15,1
459,55,2
459,65,1
459,111,1
459,23,1
459,61,1
459,16,2
459,42,1
459,79,1
459,82,1
459,97,1
459,118,1
460,36,1
460,76,1
460,31,1
460,109,1
460,117,1
460,31,2
460,109,2
460,117,2
460,67,1
460,94,1
461,80,1
461,75,1
461,4,1
461,9,1
461,17,1
461,22,1
461,26,1
461,30,1
461,40,1
461,45,1
461,50,1
461,51,1
461,57,1
461,64,1
461,99,1
461,112,1
462,25,1
462,63,1
462,96,1
463,75,1
463,13,1
463,54,1
463,83,1
463,122,1
464,75,1
464,68,1
464,70,1
464,124,1
464,1,1
464,7,1
464,19,1
464,27,1
464,44,1
464,48,1
464,123,2
464,10,1
464,12,1
464,20,2
464,24,1
464,32,1
464,52,1
464,106,1
465,116,1
465,98,1
465,36,1
465,76,1
465,74,2
465,95,1
466,98,1
466,66,1
466,120,1
466,98,2
466,5,1
466,28,1
466,43,1
466,49,1
466,60,1
466,93,1
466,114,1
467,101,1
467,96,1
467,84,1
467,86,1
467,103,2
468,2,1
468,8,1
468,18,1
468,39,1
468,47,1
468,62,1
468,87,1
468,105,1
468,15,1
468,55,1
468,65,1
468,111,1
468,13,1
468,54,1
468,36,1
468,76,1
469,98,1
470,72,1
471,75,1
471,6,1
471,14,1
471,33,1
471,37,1
471,81,1
471,74,2
471,95,1
471,66,1
471,120,1
472,110,1
473,10,1
473,12,1
473,20,1
473,24,1
473,32,1
473,52,1
473,106,1
473,107,1
474,101,1
475,66,1
475,120,1
476,68,1
476,70,1
476,124,1
476,1,1
476,7,1
476,19,1
476,27,1
476,44,1
476,48,1
476,123,2
477,89,1
477,25,1
477,63,1
477,11,1
477,21,1
477,29,1
477,35,1
477,56,1
477,58,1
477,59,1
477,73,1
477,85,1
477,88,1
477,102,1
477,121,1
478,83,1
478,122,1
479,1,1
479,7,1
479,19,1
479,27,1
479,44,1
479,48,1
479,123,1
480,101,1
481,72,1
482,83,1
482,122,1
482,83,2
482,122,2
482,46,1
482,100,1
482,108,1
482,67,1
482,94,1
483,13,1
483,54,1
484,15,1
484,55,1
484,65,1
484,111,1
485,74,1
485,95,1
485,68,1
485,70,1
485,124,1
485,15,1
485,55,1
485,65,1
485,111,1
486,66,1
486,120,1
486,34,1
486,78,1
486,91,1
486,115,1
487,3,1
487,38,1
487,41,1
487,53,1
487,101,1
487,89,1
487,34,1
487,78,1
487,91,2
487,115,1
488,6,1
488,14,1
488,33,1
488,37,1
488,81,1
488,6,2
488,14,2
488,33,2
488,37,2
488,81,2
489,71,1
489,2,1
489,8,1
489,18,1
489,39,1
489,47,1
489,62,1
489,87,1
489,105,1
489,101,1
490,68,1
490,70,1
490,124,1
490,2,1
490,8,1
490,18,1
490,39,1
490,47,1
490,62,1
490,87,2
490,105,1
491,3,1
491,38,1
491,41,1
491,53,1
491,16,1
491,42,2
491,79,1
491,82,1
491,97,1
491,118,1
491,80,2
492,69,1
492,84,1
492,86,1
492,103,1
492,16,1
492,42,1
492,79,1
492,82,1
492,97,1
492,118,1
492,89,1
493,80,1
493,67,1
493,94,1
493,83,1
493,122,1
494,107,1
494,66,1
494,120,1
494,83,1
494,122,1
494,107,2
495,74,1
495,95,1
495,66,1
495,120,1
495,10,1
495,12,1
495,20,1
495,24,1
495,32,1
495,52,1
495,106,1
496,119,1
496,84,1
496,86,1
496,103,1
496,6,1
496,14,1
496,33,1
496,37,1
496,81,1
496,77,1
497,34,1
497,78,1
497,91,1
497,115,1
498,36,1
498,76,1
498,11,1
498,21,1
498,29,1
498,35,2
498,56,1
498,58,1
498,59,1
498,73,1
498,85,1
498,88,1
498,102,1
498,121,1
498,6,1
498,14,1
498,33,1
498,37,1
498,81,1
499,68,1
499,70,1
499,124,1
499,67,2
499,94,1
499,36,1
499,76,1
499,13,1
499,54,1
500,13,1
500,54,1
500,113,1
500,3,1
500,38,1
500,41,1
500,53,2
500,66,1
500,120,1
501,6,1
501,14,1
501,33,1
501,37,1
501,81,1
501,3,1
501,38,2
501,41,1
501,53,1
502,46,1
502,100,1
502,108,1
502,98,2
502,36,1
502,76,1
502,36,2
502,76,2
503,101,1
503,110,1
503,74,1
503,95,1
504,83,1
504,122,1
504,75,1
505,80,1
505,116,1
505,110,1
506,36,1
506,76,1
506,89,1
506,101,1
506,31,1
506,109,1
506,117,1
507,80,1
508,10,1
508,12,1
508,20,1
508,24,1
508,32,1
508,52,1
508,106,1
509,67,1
509,94,1
509,71,1
510,107,1
511,77,1
512,113,1
512,89,1
512,113,2
512,25,1
512,63,1
513,68,1
513,70,1
513,124,1
513,107,1
513,96,1
514,1,1
514,7,1
514,19,1
514,27,1
514,44,1
514,48,1
514,123,1
514,119,1
514,98,1
515,75,1
515,90,1
515,92,1
515,83,1
515,122,1
516,116,1
516,116,2
516,2,1
516,8,1
516,18,1
516,39,1
516,47,1
516,62,1
516,87,1
516,105,1
516,10,1
516,12,1
516,20,1
516,24,1
516,32,1
516,52,1
516,106,2
517,119,1
517,13,1
517,54,1
518,15,1
518,55,1
518,65,1
518,111,1
518,80,1
518,11,1
518,21,1
518,29,1
518,35,1
518,56,2
518,58,1
518,59,1
518,73,1
518,85,1
518,88,1
518,102,1
518,121,1
519,69,1
519,6,1
519,14,1
519,33,1
519,37,1
519,81,1
519,67,1
519,94,1
520,90,1
520,92,1
521,72,1
522,104,1
522,90,1
522,92,1
522,68,1
522,70,1
522,124,1
522,10,1
522,12,1
522,20,1
522,24,1
522,32,1
522,52,1
522,106,2
523,101,1
524,89,1
524,101,1
525,11,1
525,21,1
525,29,1
525,35,1
525,56,1
525,58,1
525,59,1
525,73,1
525,85,1
525,88,1
525,102,1
525,121,1
526,72,1
527,36,1
527,76,1
527,10,1
527,12,1
527,20,1
527,24,1
527,32,1
527,52,1
527,106,1
527,15,1
527,55,1
527,65,1
527,111,1
527,4,1
527,9,2
527,17,1
527,22,1
527,26,1
527,30,1
527,40,1
527,45,1
527,50,1
527,51,2
527,57,1
527,64,2
527,99,1
527,112,2
528,3,1
528,38,1
528,41,1
528,53,1
528,3,2
528,38,2
528,41,2
528,53,2
528,15,1
528,55,1
528,65,1
528,111,1
528,107,1
529,2,1
529,8,1
529,18,1
529,39,1
529,47,1
529,62,1
529,87,1
529,105,1
529,3,2
529,38,1
529,41,1
529,53,1
530,104,1
530,90,1
530,92,1
531,110,1
531,34,1
531,78,1
531,91,1
531,115,1
531,10,1
531,12,1
531,20,1
531,24,1
531,32,1
531,52,1
531,106,1
532,75,1
532,80,1
533,31,1
533,109,1
533,117,1
533,83,1
533,122,1
533,90,1
533,92,1
534,3,1
534,38,1
534,41,1
534,53,1
535,5,1
535,28,1
535,43,1
535,49,1
535,60,1
535,93,1
535,114,1
535,23,1
535,61,1
535,83,1
535,122,1
535,6,2
535,14,1
535,33,1
535,37,1
535,81,1
536,84,1
536,86,1
536,103,1
536,75,1
537,90,1
537,92,1
537,23,1
537,61,1
537,74,1
537,95,1
537,110,1
538,90,1
538,92,1
538,66,1
538,120,1
538,101,1
538,13,1
538,54,1
539,46,1
539,100,1
539,108,1
539,80,1
539,75,1
540,46,1
540,100,1
540,108,1
541,69,1
541,16,1
541,42,1
541,79,1
541,82,1
541,97,1
541,118,1
541,107,1
542,77,1
542,107,1
543,2,1
543,8,1
543,18,1
543,39,1
543,47,1
543,62,1
543,87,1
543,105,1
544,96,1
544,2,1
544,8,1
544,18,1
544,39,1
544,47,1
544,62,1
544,87,1
544,105,1
544,69,1
545,3,1
545,38,1
545,41,1
545,53,1
546,119,1
547,90,1
547,92,1
547,77,1
548,113,1
548,31,1
548,109,1
548,117,1
548,119,1
548,46,1
548,100,1
548,108,2
549,66,1
549,120,1
549,10,1
549,12,1
549,20,1
549,24,1
549,32,1
549,52,1
549,106,1
550,101,1
550,74,1
550,95,1
550,66,1
550,120,1
551,84,1
551,86,1
551,103,1
551,74,1
551,95,1
551,2,1
551,8,1
551,18,1
551,39,1
551,47,1
551,62,1
551,87,1
551,105,1
551,107,1
552,72,1
552,80,1
553,119,1
553,36,1
553,76,1
554,113,1
555,110,1
556,101,1
556,16,1
556,42,1
556,79,1
556,82,1
556,97,1
556,118,1
556,80,2
557,1,1
557,7,1
557,19,1
557,27,1
557,44,1
557,48,1
557,123,1
558,4,1
558,9,1
558,17,1
558,22,1
558,26,1
558,30,1
558,40,1
558,45,1
558,50,1
558,51,1
558,57,1
558,64,1
558,99,1
558,112,1
558,16,1
558,42,1
558,79,1
558,82,1
558,97,1
558,118,1
558,25,2
558,63,2
559,110,1
559,3,1
559,38,1
559,41,1
559,53,1
559,4,1
559,9,1
559,17,1
559,22,1
559,26,1
559,30,1
559,40,1
559,45,1
559,50,1
559,51,1
559,57,1
559,64,1
559,99,1
559,112,2
560,113,1
561,10,1
561,12,1
561,20,1
561,24,1
561,32,1
561,52,1
561,106,1
561,101,1
561,77,1
562,83,1
562,122,1
562,25,1
562,63,1
563,72,1
563,25,1
563,63,1
563,23,1
563,61,1
564,2,1
564,8,1
564,18,1
564,39,1
564,47,1
564,62,1
564,87,1
564,105,1
565,71,1
565,74,1
565,95,1
565,3,1
565,38,1
565,41,1
565,53,1
565,113,1
566,77,1
566,77,2
566,110,1
567,34,1
567,78,1
567,91,1
567,115,1
567,46,1
567,100,1
567,108,1
568,98,1
568,119,1
568,119,2
569,5,1
569,28,1
569,43,1
569,49,1
569,60,1
569,93,1
569,114,1
569,5,2
569,28,2
569,43,2
569,49,2
569,60,2
569,93,2
569,114,2
569,1,1
569,7,1
569,19,1
569,27,3
569,44,3
569,48,1
569,123,1
570,104,1
571,11,1
571,21,1
571,29,1
571,35,1
571,56,1
571,58,1
571,59,1
571,73,1
571,85,1
571,88,1
571,102,1
571,121,1
571,113,1
571,116,1
571,116,2
572,11,1
572,21,1
572,29,1
572,35,1
572,56,1
572,58,1
572,59,1
572,73,1
572,85,1
572,88,1
572,102,1
572,121,1
573,80,1
573,36,1
573,76,1
573,83,1
573,122,1
573,119,1
574,104,1
574,107,1
574,25,1
574,63,1
575,16,1
575,42,1
575,79,1
575,82,1
575,97,1
575,118,1
576,83,1
576,122,1
576,69,1
577,13,1
577,54,1
577,80,1
578,66,1
578,120,1
579,16,1
579,42,1
579,79,1
579,82,1
579,97,1
579,118,1
579,96,2
579,119,1
580,31,1
580,109,1
580,117,1
580,16,1
580,42,1
580,79,1
580,82,1
580,97,1
580,118,2
580,71,1
581,67,1
581,94,1
582,80,1
583,46,1
583,100,1
583,108,1
583,4,1
583,9,1
583,17,1
583,22,1
583,26,1
583,30,1
583,40,1
583,45,2
583,50,1
583,51,1
583,57,1
583,64,1
583,99,2
583,112,1
584,74,1
584,95,1
584,1,1
584,7,1
584,19,1
584,27,1
584,44,1
584,48,1
584,123,1
584,74,2
584,95,2
584,110,1
585,89,1
585,89,2
585,6,1
585,14,1
585,33,1
585,37,1
585,81,1
586,101,1
586,31,1
586,109,1
586,117,1
586,66,1
586,120,1
586,69,1
587,13,1
587,54,1
588,6,1
588,14,1
588,33,1
588,37,1
588,81,1
589,3,1
589,38,1
589,41,1
589,53,1
589,2,2
589,8,1
589,18,1
589,39,1
589,47,1
589,62,1
589,87,1
589,105,1
590,107,1
591,3,1
591,38,1
591,41,1
591,53,1
592,2,1
592,8,1
592,18,1
592,39,1
592,47,1
592,62,1
592,87,1
592,105,1
593,31,1
593,109,1
593,117,1
594,25,1
594,63,1
595,68,1
595,70,1
595,124,1
596,13,1
596,54,1
597,77,1
598,3,1
598,38,1
598,41,1
598,53,1
599,11,1
599,21,1
599,29,1
599,35,1
599,56,1
599,58,1
599,59,1
599,73,1
599,85,1
599,88,1
599,102,1
599,121,1
599,72,2
599,11,2
599,21,2
599,29,2
599,35,2
599,56,2
599,58,2
599,59,2
599,73,3
599,85,2
599,88,2
599,102,2
599,121,2
599,4,1
599,9,3
599,17,1
599,22,3
599,26,1
599,30,3
599,40,1
599,45,1
599,50,1
599,51,1
599,57,3
599,64,1
599,99,1
599,112,1
600,80,1
600,36,1
600,76,1
600,2,1
600,8,1
600,18,1
600,39,1
600,47,1
600,62,1
600,87,1
600,105,1
600,104,2
601,119,1
602,1,1
602,7,1
602,19,1
602,27,1
602,44,1
602,48,1
602,123,1
603,119,1
603,90,1
603,92,1
604,36,1
604,76,1
604,107,1
605,98,1
605,84,1
605,86,1
605,103,1
606,74,1
606,95,1
606,15,1
606,55,1
606,65,1
606,111,1
606,71,1
606,110,2
607,36,1
607,76,1
607,16,1
607,42,1
607,79,1
607,82,1
607,97,1
607,118,1
607,6,1
607,14,1
607,33,1
607,37,1
607,81,2
608,119,1
608,72,1
608,15,1
608,55,1
608,65,1
608,111,1
608,90,1
608,92,1
609,107,1
609,36,1
609,76,1
609,116,1
609,84,1
609,86,1
609,103,1
610,71,1
610,46,1
610,100,1
610,108,1
610,69,1
610,2,1
610,8,1
610,18,1
610,39,1
610,47,1
610,62,1
610,87,1
610,105,1
611,96,1
612,69,1
612,80,1
612,89,1
612,36,1
612,76,1
613,72,1
614,71,1
614,116,1
614,66,1
614,120,1
614,72,2
615,98,1
615,34,1
615,78,1
615,91,1
615,115,1
615,71,1
615,34,2
615,78,2
615,91,2
615,115,2
616,71,1
616,46,1
616,100,1
616,108,1
617,107,1
618,101,1
618,1,1
618,7,1
618,19,1
618,27,1
618,44,1
618,48,1
618,123,1
618,84,1
618,86,1
618,103,2
618,75,1
619,90,1
619,92,1
619,13,1
619,54,1
620,34,1
620,78,1
620,91,1
620,115,1
620,72,1
621,66,1
621,120,1
621,69,1
621,110,1
622,68,1
622,70,1
622,124,1
622,110,1
623,71,1
623,36,1
623,76,1
624,71,1
625,31,1
625,109,1
625,117,1
625,116,2
625,119,1
626,110,1
626,5,1
626,28,1
626,43,1
626,49,1
626,60,1
626,93,1
626,114,1
626,110,2
626,77,1
627,67,1
627,94,1
628,77,1
629,84,1
629,86,1
629,103,1
630,23,1
630,61,1
630,113,1
630,74,1
630,95,1
631,13,1
631,54,1
631,13,2
631,54,2
632,13,1
632,54,1
632,77,1
633,25,1
633,63,1
634,101,1
634,69,1
634,96,1
634,84,1
634,86,1
634,103,2
635,68,1
635,70,1
635,124,1
635,25,1
635,63,1
635,25,2
635,63,2
636,77,1
637,80,1
637,75,1
637,13,1
637,54,1
637,36,1
637,76,2
638,75,1
638,90,1
638,92,1
638,84,1
638,86,1
638,103,1
639,10,1
639,12,1
639,20,1
639,24,1
639,32,1
639,52,1
639,106,1
640,80,1
641,36,1
641,76,1
642,16,1
642,42,1
642,79,1
642,82,1
642,97,1
642,118,1
643,34,1
643,78,1
643,91,1
643,115,1
643,67,1
643,94,1
644,6,1
644,14,1
644,33,1
644,37,1
644,81,1
644,83,1
644,122,1
644,110,1
644,31,1
644,109,1
644,117,1
645,15,1
645,55,1
645,65,1
645,111,1
645,3,1
645,38,1
645,41,1
645,53,1
646,68,1
646,70,1
646,124,1
646,3,1
646,38,1
646,41,1
646,53,1
646,104,1
646,107,1
647,68,1
647,70,1
647,124,1
647,2,1
647,8,1
647,18,1
647,39,1
647,47,1
647,62,1
647,87,2
647,105,1
647,80,1
648,46,1
648,100,1
648,108,1
648,72,1
648,25,1
648,63,1
649,89,1
650,119,1
651,110,1
651,90,1
651,92,1
651,15,1
651,55,1
651,65,1
651,111,2
651,71,1
652,98,1
652,34,1
652,78,1
652,91,1
652,115,1
652,113,2
653,4,1
653,9,1
653,17,1
653,22,1
653,26,1
653,30,1
653,40,1
653,45,1
653,50,1
653,51,1
653,57,1
653,64,1
653,99,1
653,112,1
654,107,1
655,74,1
655,95,1
655,90,1
655,92,1
655,13,1
655,54,1
655,80,1
656,16,1
656,42,1
656,79,1
656,82,1
656,97,1
656,118,1
656,3,1
656,38,1
656,41,2
656,53,1
657,4,1
657,9,1
657,17,1
657,22,1
657,26,1
657,30,1
657,40,1
657,45,1
657,50,1
657,51,1
657,57,1
657,64,1
657,99,1
657,112,1
657,46,2
657,100,2
657,108,1
657,80,1
658,116,1
658,75,1
658,4,1
658,9,1
658,17,1
658,22,1
658,26,1
658,30,1
658,40,1
658,45,1
658,50,1
658,51,1
658,57,1
658,64,1
658,99,1
658,112,1
658,10,2
658,12,1
658,20,1
658,24,1
658,32,1
658,52,2
658,106,1
659,16,1
659,42,1
659,79,1
659,82,1
659,97,1
659,118,1
659,119,1
659,13,1
659,54,1
660,66,1
660,120,1
660,68,2
660,70,1
660,124,1
660,101,1
661,16,1
661,42,1
661,79,1
661,82,1
661,97,1
661,118,1
662,80,1
662,89,1
662,31,1
662,109,1
662,117,1
663,23,1
663,61,1
663,23,2
663,61,2
663,116,1
664,90,1
664,92,1
664,6,1
664,14,1
664,33,1
664,37,1
664,81,1
665,98,1
665,1,1
665,7,1
665,19,1
665,27,1
665,44,1
665,48,1
665,123,1
665,71,1
666,1,1
666,7,1
666,19,1
666,27,1
666,44,1
666,48,1
666,123,1
666,10,1
666,12,1
666,20,2
666,24,1
666,32,1
666,52,1
666,106,1
666,5,1
666,28,2
666,43,2
666,49,1
666,60,1
666,93,1
666,114,1
667,16,1
667,42,1
667,79,1
667,82,1
667,97,1
667,118,1
667,5,1
667,28,1
667,43,1
667,49,1
667,60,1
667,93,1
667,114,1
668,72,1
668,69,1
668,13,1
668,54,1
668,74,1
668,95,1
669,75,1
669,15,1
669,55,1
669,65,1
669,111,1
670,69,1
670,101,1
671,67,1
671,94,1
671,3,1
671,38,1
671,41,1
671,53,1
671,107,1
671,1,2
671,7,1
671,19,1
671,27,1
671,44,1
671,48,1
671,123,1
672,80,1
672,36,1
672,76,1
672,69,1
673,13,1
673,54,1
673,98,1
673,74,1
673,95,1
674,10,1
674,12,1
674,20,1
674,24,1
674,32,1
674,52,1
674,106,1
674,23,2
674,61,1
674,36,1
674,76,1
674,75,2
675,83,1
675,122,1
675,11,1
675,21,1
675,29,1
675,35,1
675,56,1
675,58,1
675,59,1
675,73,1
675,85,2
675,88,1
675,102,1
675,121,1
675,104,1
675,84,3
675,86,2
675,103,2
676,116,1
676,77,1
676,104,1
676,4,1
676,9,1
676,17,1
676,22,1
676,26,1
676,30,1
676,40,1
676,45,1
676,50,1
676,51,1
676,57,1
676,64,1
676,99,1
676,112,1
677,101,1
677,75,1
678,34,1
678,78,1
678,91,1
678,115,1
678,77,2
678,46,1
678,100,1
678,108,1
678,36,1
678,76,1
679,4,1
679,9,1
679,17,1
679,22,1
679,26,1
679,30,1
679,40,1
679,45,1
679,50,1
679,51,1
679,57,1
679,64,1
679,99,1
679,112,1
679,5,2
679,28,1
679,43,1
679,49,2
679,60,1
679,93,1
679,114,1
680,110,1
680,4,1
680,9,1
680,17,1
680,22,1
680,26,1
680,30,1
680,40,1
680,45,1
680,50,1
680,51,1
680,57,1
680,64,1
680,99,1
680,112,2
681,71,1
682,2,1
682,8,1
682,18,1
682,39,1
682,47,1
682,62,1
682,87,1
682,105,1
682,1,2
682,7,2
682,19,1
682,27,1
682,44,1
682,48,2
682,123,2
682,2,3
682,8,3
682,18,2
682,39,2
682,47,3
682,62,2
682,87,3
682,105,2
682,104,3
683,77,1
683,11,1
683,21,1
683,29,1
683,35,1
683,56,1
683,58,1
683,59,1
683,73,1
683,85,1
683,88,1
683,102,1
683,121,1
684,16,1
684,42,1
684,79,1
684,82,1
684,97,1
684,118,1
685,77,1
685,23,1
685,61,1
685,13,1
685,54,1
686,71,1
686,4,1
686,9,1
686,17,1
686,22,1
686,26,1
686,30,1
686,40,1
686,45,1
686,50,1
686,51,1
686,57,1
686,64,1
686,99,1
686,112,1
686,67,1
686,94,1
687,74,1
687,95,1
687,3,1
687,38,1
687,41,1
687,53,1
687,2,2
687,8,1
687,18,1
687,39,1
687,47,1
687,62,1
687,87,1
687,105,1
687,101,1
688,90,1
688,92,1
689,98,1
689,116,1
689,119,1
689,104,1
690,5,1
690,28,1
690,43,1
690,49,1
690,60,1
690,93,1
690,114,1
690,13,1
690,54,1
690,67,1
690,94,2
691,83,1
691,122,1
691,10,1
691,12,1
691,20,1
691,24,1
691,32,1
691,52,1
691,106,1
691,75,1
692,113,1
693,13,1
693,54,1
693,75,1
694,66,1
694,120,1
694,69,1
694,107,1
694,90,1
694,92,1
695,83,1
695,122,1
695,116,1
695,113,1
696,10,1
696,12,1
696,20,1
696,24,1
696,32,1
696,52,1
696,106,1
697,72,1
698,31,1
698,109,1
698,117,1
698,25,1
698,63,1
698,6,1
698,14,1
698,33,1
698,37,1
698,81,1
699,69,1
700,107,1
700,98,1
700,1,1
700,7,1
700,19,1
700,27,1
700,44,1
700,48,1
700,123,1
701,96,1
701,15,1
701,55,1
701,65,1
701,111,1
701,107,1
701,5,1
701,28,1
701,43,1
701,49,1
701,60,1
701,93,1
701,114,1
702,6,1
702,14,1
702,33,1
702,37,1
702,81,1
702,107,1
702,75,1
703,6,1
703,14,1
703,33,1
703,37,1
703,81,1
703,4,2
703,9,1
703,17,1
703,22,1
703,26,1
703,30,1
703,40,1
703,45,1
703,50,1
703,51,1
703,57,1
703,64,1
703,99,1
703,112,1
703,69,1
703,104,1
704,89,1
704,113,1
705,36,1
705,76,1
706,101,1
706,89,1
707,4,1
707,9,1
707,17,1
707,22,1
707,26,1
707,30,1
707,40,1
707,45,1
707,50,1
707,51,1
707,57,1
707,64,1
707,99,1
707,112,1
708,25,1
708,63,1
708,67,1
708,94,1
709,107,1
710,31,1
710,109,1
710,117,1
710,96,1
711,46,1
711,100,1
711,108,1
712,71,1
712,83,1
712,122,1
713,75,1
713,113,1
713,6,1
713,14,1
713,33,1
713,37,1
713,81,1
713,83,1
713,122,1
714,110,1
714,16,1
714,42,1
714,79,1
714,82,1
714,97,1
714,118,1
714,67,1
714,94,1
715,1,1
715,7,1
715,19,1
715,27,1
715,44,1
715,48,1
715,123,1
715,90,1
715,92,1
716,84,1
716,86,1
716,103,1
716,110,1
716,5,1
716,28,1
716,43,1
716,49,1
716,60,1
716,93,1
716,114,1
717,68,1
717,70,1
717,124,1
717,71,1
717,68,2
717,70,2
717,124,2
718,104,1
719,77,1
719,116,1
719,68,1
719,70,1
719,124,1
720,66,1
720,120,1
720,36,1
720,76,1
720,80,1
720,46,1
720,100,1
720,108,1
721,116,1
722,119,1
723,75,1
724,72,1
725,80,1
725,46,1
725,100,1
725,108,1
725,75,1
726,98,1
726,75,1
727,119,1
727,110,1
727,36,1
727,76,1
728,31,1
728,109,1
728,117,1
729,90,1
729,92,1
729,89,2
729,11,1
729,21,1
729,29,1
729,35,1
729,56,1
729,58,1
729,59,1
729,73,1
729,85,1
729,88,1
729,102,1
729,121,1
729,5,1
729,28,1
729,43,1
729,49,1
729,60,2
729,93,2
729,114,1
730,101,1
730,13,1
730,54,1
730,25,1
730,63,1
730,74,1
730,95,1
731,104,1
732,101,1
733,80,1
733,69,1
734,11,1
734,21,1
734,29,1
734,35,1
734,56,1
734,58,1
734,59,1
734,73,1
734,85,1
734,88,1
734,102,1
734,121,1
734,15,1
734,55,2
734,65,1
734,111,1
735,25,1
735,63,1
735,96,1
736,10,1
736,12,1
736,20,1
736,24,1
736,32,1
736,52,1
736,106,1
737,11,1
737,21,1
737,29,1
737,35,1
737,56,1
737,58,1
737,59,1
737,73,1
737,85,1
737,88,1
737,102,1
737,121,1
738,90,1
738,92,1
738,23,1
738,61,1
738,31,1
738,109,1
738,117,1
738,104,1
739,98,1
740,67,1
740,94,1
740,34,1
740,78,1
740,91,1
740,115,1
740,67,2
740,94,2
741,2,1
741,8,1
741,18,1
741,39,1
741,47,1
741,62,1
741,87,1
741,105,1
741,116,1
742,96,1
742,15,1
742,55,1
742,65,1
742,111,1
743,25,1
743,63,1
743,5,1
743,28,1
743,43,1
743,49,1
743,60,1
743,93,1
743,114,1
744,25,1
744,63,1
744,23,1
744,61,1
744,1,1
744,7,1
744,19,1
744,27,1
744,44,1
744,48,1
744,123,1
744,6,1
744,14,1
744,33,1
744,37,1
744,81,1
745,6,1
745,14,1
745,33,1
745,37,1
745,81,1
745,89,1
746,3,1
746,38,1
746,41,1
746,53,1
746,31,1
746,109,1
746,117,1
746,25,1
746,63,1
747,68,1
747,70,1
747,124,1
747,6,1
747,14,1
747,33,1
747,37,1
747,81,1
747,25,1
747,63,1
748,46,1
748,100,1
748,108,1
749,98,1
749,72,1
749,23,1
749,61,1
750,68,1
750,70,1
750,124,1
751,72,1
751,66,1
751,120,1
751,77,1
752,46,1
752,100,1
752,108,1
753,10,1
753,12,1
753,20,1
753,24,1
753,32,1
753,52,1
753,106,1
753,80,1
754,16,1
754,42,1
754,79,1
754,82,1
754,97,1
754,118,1
754,4,1
754,9,1
754,17,1
754,22,1
754,26,1
754,30,1
754,40,1
754,45,1
754,50,1
754,51,1
754,57,1
754,64,1
754,99,1
754,112,1
755,11,1
755,21,1
755,29,1
755,35,1
755,56,1
755,58,1
755,59,1
755,73,1
755,85,1
755,88,1
755,102,1
755,121,1
755,96,1
755,101,2
755,107,1
756,34,1
756,78,1
756,91,1
756,115,1
756,11,1
756,21,1
756,29,1
756,35,1
756,56,1
756,58,1
756,59,1
756,73,1
756,85,1
756,88,1
756,102,1
756,121,1
756,66,1
756,120,2
756,113,2
757,74,1
757,95,1
758,6,1
758,14,1
758,33,1
758,37,1
758,81,1
758,66,1
758,120,1
758,25,1
758,63,1
759,1,1
759,7,1
759,19,1
759,27,1
759,44,1
759,48,1
759,123,1
760,66,1
760,120,1
760,67,2
760,94,1
760,110,1
760,98,1
761,75,1
762,98,1
762,31,1
762,109,1
762,117,1
763,11,1
763,21,1
763,29,1
763,35,1
763,56,1
763,58,1
763,59,1
763,73,1
763,85,1
763,88,1
763,102,1
763,121,1
763,15,1
763,55,2
763,65,1
763,111,1
763,107,1
763,101,2
764,72,1
764,84,1
764,86,1
764,103,1
765,36,1
765,76,1
765,15,1
765,55,1
765,65,1
765,111,1
766,116,1
766,4,1
766,9,1
766,17,1
766,22,1
766,26,1
766,30,1
766,40,1
766,45,1
766,50,1
766,51,1
766,57,1
766,64,1
766,99,1
766,112,1
766,2,1
766,8,1
766,18,2
766,39,2
766,47,1
766,62,1
766,87,1
766,105,1
766,69,1
767,71,1
767,74,1
767,95,1
768,5,1
768,28,1
768,43,1
768,49,1
768,60,1
768,93,1
768,114,1
768,2,1
768,8,1
768,18,1
768,39,1
768,47,1
768,62,1
768,87,1
768,105,1
768,46,1
768,100,1
768,108,1
769,80,1
769,6,1
769,14,1
769,33,1
769,37,1
769,81,2
769,110,1
770,107,1
770,68,1
770,70,1
770,124,1
770,89,1
770,2,1
770,8,1
770,18,1
770,39,1
770,47,1
770,62,1
770,87,2
770,105,1
771,96,1
772,75,1
772,1,1
772,7,1
772,19,1
772,27,1
772,44,1
772,48,1
772,123,1
772,83,1
772,122,2
773,46,1
773,100,1
773,108,1
774,25,1
774,63,1
774,46,1
774,100,1
774,108,1
774,119,1
775,1,1
775,7,1
775,19,1
775,27,1
775,44,1
775,48,1
775,123,1
775,83,1
775,122,2
776,90,1
776,92,1
776,15,1
776,55,1
776,65,1
776,111,1
776,72,1
776,67,1
776,94,2
777,101,1
778,10,1
778,12,1
778,20,1
778,24,1
778,32,1
778,52,1
778,106,1
778,1,1
778,7,1
778,19,2
778,27,1
778,44,1
778,48,1
778,123,1
778,15,1
778,55,1
778,65,1
778,111,1
778,6,1
778,14,2
778,33,1
778,37,1
778,81,1
779,98,1
779,13,1
779,54,1
780,16,1
780,42,1
780,79,1
780,82,1
780,97,1
780,118,1
780,90,1
780,92,1
780,84,1
780,86,1
780,103,1
780,15,2
780,55,1
780,65,1
780,111,1
781,25,1
781,63,1
781,11,1
781,21,1
781,29,1
781,35,1
781,56,1
781,58,1
781,59,1
781,73,1
781,85,1
781,88,1
781,102,1
781,121,1
781,66,1
781,120,2
781,25,2
781,63,2
782,101,1
782,31,1
782,109,1
782,117,1
782,23,1
782,61,1
782,107,2
783,68,1
783,70,1
783,124,1
784,34,1
784,78,1
784,91,1
784,115,1
784,2,1
784,8,1
784,18,1
784,39,1
784,47,1
784,62,1
784,87,1
784,105,1
784,46,1
784,100,1
784,108,1
785,80,1
786,36,1
786,76,1
787,3,1
787,38,1
787,41,1
787,53,1
787,10,1
787,12,1
787,20,1
787,24,1
787,32,1
787,52,1
787,106,1
787,107,1
788,107,1
788,74,1
788,95,1
788,71,1
789,16,1
789,42,1
789,79,1
789,82,1
789,97,1
789,118,1
789,119,1
789,101,1
789,6,1
789,14,1
789,33,1
789,37,1
789,81,2
790,66,1
790,120,1
790,15,1
790,55,1
790,65,1
790,111,1
790,75,1
791,90,1
791,92,1
791,69,1
791,25,1
791,63,1
791,11,1
791,21,1
791,29,1
791,35,1
791,56,1
791,58,1
791,59,1
791,73,1
791,85,1
791,88,1
791,102,1
791,121,1
792,119,1
792,101,1
793,23,1
793,61,1
794,89,1
794,15,1
794,55,1
794,65,1
794,111,1
794,116,1
795,71,1
795,71,2
795,34,1
795,78,1
795,91,1
795,115,1
796,116,1
796,5,1
796,28,1
796,43,1
796,49,1
796,60,1
796,93,1
796,114,1
797,90,1
797,92,1
797,77,1
797,34,1
797,78,2
797,91,2
797,115,1
798,1,1
798,7,1
798,19,1
798,27,1
798,44,1
798,48,1
798,123,1
798,113,1
798,34,1
798,78,1
798,91,1
798,115,2
798,3,2
798,38,1
798,41,1
798,53,1
799,116,1
799,75,1
799,1,1
799,7,1
799,19,1
799,27,1
799,44,1
799,48,1
799,123,1
800,113,1
800,11,1
800,21,1
800,29,1
800,35,1
800,56,1
800,58,1
800,59,1
800,73,1
800,85,1
800,88,1
800,102,1
800,121,1
801,13,1
801,54,1
801,89,1
801,72,1
801,34,1
801,78,1
801,91,2
801,115,1
802,1,1
802,7,1
802,19,1
802,27,1
802,44,1
802,48,1
802,123,1
803,5,1
803,28,1
803,43,1
803,49,1
803,60,1
803,93,1
803,114,1
804,25,1
804,63,1
804,68,1
804,70,1
804,124,1
804,98,1
805,119,1
805,68,1
805,70,1
805,124,1
805,68,2
805,70,2
805,124,2
806,66,1
806,120,1
807,75,1
807,101,1
807,107,1
808,67,1
808,94,1
809,2,1
809,8,1
809,18,1
809,39,1
809,47,1
809,62,1
809,87,1
809,105,1
809,10,1
809,12,1
809,20,1
809,24,1
809,32,1
809,52,1
809,106,2
809,113,1
809,90,1
809,92,1
810,36,1
810,76,1
811,13,1
811,54,1
811,90,1
811,92,1
811,31,1
811,109,1
811,117,1
812,90,1
812,92,1
812,98,1
812,84,1
812,86,1
812,103,1
812,2,1
812,8,1
812,18,1
812,39,1
812,47,1
812,62,1
812,87,1
812,105,1
813,119,1
813,34,1
813,78,1
813,91,1
813,115,1
813,16,1
813,42,1
813,79,2
813,82,1
813,97,1
813,118,1
814,107,1
814,31,1
814,109,2
814,117,1
814,83,1
814,122,1
814,84,2
814,86,1
814,103,1
815,3,1
815,38,1
815,41,1
815,53,1
815,107,1
815,110,1
816,84,1
816,86,1
816,103,1
816,2,1
816,8,1
816,18,1
816,39,1
816,47,1
816,62,1
816,87,1
816,105,1
816,71,1
817,66,1
817,120,1
818,98,1
818,46,1
818,100,2
818,108,1
818,75,1
818,80,1
819,25,1
819,63,1
819,90,1
819,92,1
819,6,1
819,14,1
819,33,1
819,37,1
819,81,1
819,34,2
819,78,1
819,91,2
819,115,1
820,116,1
820,5,1
820,28,1
820,43,1
820,49,1
820,60,1
820,93,1
820,114,1
821,104,1
822,98,1
823,77,1
823,77,2
824,80,1
824,75,1
824,90,1
824,92,1
825,74,1
825,95,1
825,46,1
825,100,1
825,108,1
826,69,1
826,75,1
827,10,1
827,12,1
827,20,1
827,24,1
827,32,1
827,52,1
827,106,1
828,68,1
828,70,1
828,124,1
828,23,1
828,61,1
829,80,1
830,113,1
830,72,1
830,98,1
830,66,1
830,120,1
831,66,1
831,120,1
832,74,1
832,95,1
832,80,1
832,90,1
832,92,1
833,46,1
833,100,1
833,108,1
834,101,1
834,68,1
834,70,1
834,124,1
834,36,1
834,76,1
835,69,1
835,34,1
835,78,1
835,91,1
835,115,1
835,69,2
836,13,1
836,54,1
836,107,1
836,75,1
836,36,1
836,76,2
837,23,1
837,61,1
838,16,1
838,42,1
838,79,1
838,82,1
838,97,1
838,118,1
838,119,1
838,11,1
838,21,1
838,29,1
838,35,1
838,56,1
838,58,1
838,59,1
838,73,1
838,85,1
838,88,1
838,102,1
838,121,2
839,119,1
839,16,1
839,42,1
839,79,1
839,82,1
839,97,1
839,118,1
840,83,1
840,122,1
840,69,1
840,96,1
841,68,1
841,70,1
841,124,1
842,1,1
842,7,1
842,19,1
842,27,1
842,44,1
842,48,1
842,123,1
842,3,2
842,38,1
842,41,1
842,53,1
843,46,1
843,100,1
843,108,1
843,68,1
843,70,1
843,124,1
843,80,1
843,16,1
843,42,1
843,79,1
843,82,2
843,97,1
843,118,1
844,3,1
844,38,1
844,41,1
844,53,1
844,25,1
844,63,1
844,5,1
844,28,1
844,43,1
844,49,1
844,60,1
844,93,1
844,114,1
844,16,1
844,42,2
844,79,1
844,82,1
844,97,1
844,118,1
845,34,1
845,78,1
845,91,1
845,115,1
845,77,2
846,80,1
847,75,1
847,4,1
847,9,1
847,17,1
847,22,1
847,26,1
847,30,1
847,40,1
847,45,1
847,50,1
847,51,1
847,57,1
847,64,1
847,99,1
847,112,1
848,3,1
848,38,1
848,41,1
848,53,1
849,2,1
849,8,1
849,18,1
849,39,1
849,47,1
849,62,1
849,87,1
849,105,1
849,113,1
849,31,1
849,109,1
849,117,1
850,25,1
850,63,1
850,13,1
850,54,1
850,110,1
850,34,1
850,78,1
850,91,1
850,115,1
851,6,1
851,14,1
851,33,1
851,37,1
851,81,1
852,15,1
852,55,1
852,65,1
852,111,1
853,5,1
853,28,1
853,43,1
853,49,1
853,60,1
853,93,1
853,114,1
853,3,1
853,38,1
853,41,1
853,53,1
853,104,1
854,107,1
855,67,1
855,94,1
856,66,1
856,120,1
856,116,1
856,36,1
856,76,1
856,96,1
857,80,1
857,113,1
857,75,1
857,113,2
858,77,1
859,13,1
859,54,1
859,83,1
859,122,1
860,116,1
860,34,1
860,78,1
860,91,1
860,115,1
860,69,1
861,96,1
861,69,1
861,11,1
861,21,1
861,29,1
861,35,1
861,56,1
861,58,1
861,59,1
861,73,1
861,85,1
861,88,1
861,102,1
861,121,1
862,104,1
862,11,1
862,21,1
862,29,1
862,35,1
862,56,1
862,58,1
862,59,1
862,73,1
862,85,1
862,88,1
862,102,1
862,121,1
863,11,1
863,21,1
863,29,1
863,35,1
863,56,1
863,58,1
863,59,1
863,73,1
863,85,1
863,88,1
863,102,1
863,121,1
864,104,1
864,96,1
865,119,1
865,89,1
865,10,1
865,12,1
865,20,1
865,24,1
865,32,1
865,52,1
865,106,1
866,98,1
866,116,1
866,83,1
866,122,1
866,6,1
866,14,1
866,33,1
866,37,1
866,81,1
867,71,1
867,10,1
867,12,1
867,20,1
867,24,1
867,32,1
867,52,1
867,106,1
867,34,1
867,78,1
867,91,1
867,115,1
867,1,1
867,7,1
867,19,2
867,27,1
867,44,1
867,48,1
867,123,1
868,104,1
868,13,1
868,54,1
869,74,1
869,95,1
869,25,1
869,63,1
869,6,1
869,14,1
869,33,1
869,37,1
869,81,1
869,96,2
870,69,1
871,107,1
871,113,1
872,4,1
872,9,1
872,17,1
872,22,1
872,26,1
872,30,1
872,40,1
872,45,1
872,50,1
872,51,1
872,57,1
872,64,1
872,99,1
872,112,1
872,116,1
872,2,1
872,8,1
872,18,2
872,39,2
872,47,1
872,62,1
872,87,1
872,105,1
872,16,1
872,42,1
872,79,1
872,82,1
872,97,1
872,118,2
873,110,1
873,101,1
873,110,2
873,116,1
874,34,1
874,78,1
874,91,1
874,115,1
874,2,1
874,8,1
874,18,1
874,39,1
874,47,1
874,62,1
874,87,1
874,105,1
874,119,1
875,72,1
875,25,1
875,63,1
876,101,1
877,31,1
877,109,1
877,117,1
877,80,1
877,74,1
877,95,1
878,4,1
878,9,1
878,17,1
878,22,1
878,26,1
878,30,1
878,40,1
878,45,1
878,50,1
878,51,1
878,57,1
878,64,1
878,99,1
878,112,1
878,25,2
878,63,2
879,68,1
879,70,1
879,124,1
879,89,1
880,46,1
880,100,1
880,108,1
880,1,1
880,7,1
880,19,1
880,27,1
880,44,1
880,48,1
880,123,1
881,96,1
881,96,2
881,104,1
882,72,1
882,31,1
882,109,1
882,117,1
883,90,1
883,92,1
883,25,1
883,63,1
883,16,1
883,42,1
883,79,1
883,82,1
883,97,1
883,118,1
884,67,1
884,94,1
885,46,1
885,100,1
885,108,1
885,83,1
885,122,1
885,10,1
885,12,1
885,20,1
885,24,1
885,32,1
885,52,1
885,106,1
886,89,1
887,69,1
887,11,1
887,21,1
887,29,1
887,35,1
887,56,1
887,58,1
887,59,1
887,73,1
887,85,1
887,88,1
887,102,1
887,121,1
888,36,1
888,76,1
888,74,2
888,95,1
888,34,1
888,78,1
888,91,1
888,115,1
889,90,1
889,92,1
889,3,1
889,38,1
889,41,1
889,53,1
889,1,2
889,7,1
889,19,1
889,27,1
889,44,1
889,48,1
889,123,1
889,5,1
889,28,2
889,43,2
889,49,1
889,60,1
889,93,2
889,114,1
890,113,1
890,36,1
890,76,1
890,77,1
890,10,1
890,12,1
890,20,1
890,24,1
890,32,1
890,52,1
890,106,1
891,10,1
891,12,1
891,20,1
891,24,1
891,32,1
891,52,1
891,106,1
891,104,2
892,96,1
892,71,1
892,23,1
892,61,1
892,4,1
892,9,1
892,17,1
892,22,1
892,26,1
892,30,1
892,40,1
892,45,1
892,50,1
892,51,1
892,57,1
892,64,1
892,99,1
892,112,1
893,16,1
893,42,1
893,79,1
893,82,1
893,97,1
893,118,1
893,1,1
893,7,1
893,19,1
893,27,1
893,44,1
893,48,1
893,123,1
893,71,1
893,98,1
894,84,1
894,86,1
894,103,1
894,34,1
894,78,1
894,91,1
894,115,1
895,119,1
896,98,1
897,13,1
897,54,1
897,3,1
897,38,1
897,41,1
897,53,2
898,6,1
898,14,1
898,33,1
898,37,1
898,81,1
899,6,1
899,14,1
899,33,1
899,37,1
899,81,1
899,119,1
899,98,1
899,90,1
899,92,1
900,25,1
900,63,1
900,90,1
900,92,1
900,71,1
