user_id,competence_id,level
1,31,1
1,46,3
1,18,3
1,8,1
1,9,2
2,3,2
2,5,1
2,6,1
2,7,2
2,4,2
2,8,1
2,20,1
2,1,2
2,2,3
2,21,1
3,24,1
3,25,2
3,22,1
3,23,3
3,52,3
3,8,2
3,15,1
3,16,1
3,12,3
3,18,3
3,9,1
3,19,1
3,17,2
3,30,3
4,50,1
4,29,2
4,3,3
4,20,3
4,30,1
4,54,1
4,18,3
4,8,2
4,34,1
4,12,3
4,42,3
4,43,3
4,11,1
4,9,3
4,10,1
5,21,2
5,20,2
5,24,2
5,25,1
5,1,3
5,2,2
6,55,3
6,14,1
6,15,1
6,6,1
6,8,3
6,37,1
6,38,3
6,9,3
6,18,1
7,45,1
7,8,3
7,16,3
7,44,1
7,17,1
7,41,1
7,56,2
7,12,1
7,42,2
8,49,1
8,6,3
8,24,3
8,57,2
8,3,1
9,45,3
9,8,1
9,16,1
9,44,1
9,17,2
10,34,1
10,8,2
10,53,1
10,1,3
10,12,1
10,37,1
10,38,2
10,9,3
10,18,3
10,11,1
10,23,1
10,35,2
10,22,2
10,41,1
10,56,2
10,42,1
11,22,3
11,24,2
11,23,3
11,25,1
11,47,1
11,57,3
11,7,1
11,53,2
11,17,3
12,20,1
12,1,2
12,2,1
12,21,2
12,24,2
12,25,2
12,30,3
12,8,2
12,48,2
12,58,3
12,9,3
12,11,2
12,17,2
13,15,1
13,44,2
13,8,3
13,45,1
13,6,2
13,42,3
13,43,1
13,11,2
13,9,1
13,10,2
14,23,1
14,22,2
14,24,2
14,11,1
14,25,3
14,6,3
14,14,3
14,15,3
14,8,1
14,9,2
14,35,3
14,36,1
15,3,2
15,5,1
15,6,3
15,7,3
15,4,1
15,8,1
15,22,3
15,24,1
15,23,1
15,25,3
15,19,3
15,18,1
15,17,3
16,29,1
16,3,3
16,6,1
16,30,2
16,35,3
16,36,2
16,23,2
16,11,2
16,41,3
16,56,3
16,12,1
16,8,2
16,42,3
16,47,3
16,57,1
16,7,2
16,53,2
16,17,3
17,24,1
17,25,3
17,22,1
17,23,2
17,19,3
17,18,2
17,17,2
17,8,1
17,35,1
17,36,3
17,11,1
17,31,3
17,46,3
17,9,1
18,15,1
18,44,3
18,8,2
18,45,1
18,6,1
18,16,1
18,17,2
19,31,3
19,46,2
19,18,1
19,8,2
19,9,1
19,19,3
19,17,1
19,10,3
19,11,1
19,6,3
19,14,1
19,15,1
19,16,1
20,53,2
20,11,1
20,23,1
20,35,3
20,22,1
21,24,3
21,25,1
21,22,3
21,23,1
21,3,1
21,4,2
21,1,1
21,2,3
21,5,3
22,40,2
22,13,3
22,12,2
22,57,2
22,6,3
22,31,3
22,32,3
22,33,1
22,18,3
22,9,2
22,19,2
22,17,3
22,8,2
22,51,1
22,59,1
22,60,3
22,5,3
23,30,1
23,5,1
23,7,1
23,17,2
23,4,3
23,55,2
23,14,3
23,15,3
23,6,1
23,8,2
23,49,1
23,24,1
23,57,3
23,3,3
24,49,2
24,6,2
24,24,3
24,57,3
24,3,2
24,34,2
24,8,2
24,53,3
24,1,3
24,12,2
25,3,3
25,4,2
25,1,2
25,2,1
25,5,1
25,39,2
25,25,3
25,24,2
25,8,1
25,55,2
25,14,1
25,15,1
25,6,3
25,40,2
25,13,2
25,12,1
25,57,3
26,22,3
26,24,2
26,23,1
26,25,2
26,50,3
26,29,1
26,3,2
26,20,1
26,30,1
26,40,2
26,13,1
26,12,2
26,57,2
26,6,2
27,35,1
27,36,3
27,23,3
27,11,1
28,31,1
28,32,3
28,33,2
28,18,2
28,9,3
28,6,2
28,8,2
28,16,1
28,15,3
28,17,3
28,51,3
28,59,2
28,60,1
28,5,3
29,15,3
29,44,2
29,8,3
29,45,3
29,6,2
29,24,1
29,25,1
29,22,1
29,23,2
29,30,1
29,40,1
29,13,3
29,12,1
29,57,2
30,24,1
30,25,3
30,22,3
30,23,3
31,40,3
31,13,3
31,12,2
31,57,2
31,6,2
32,21,3
32,20,3
32,24,1
32,25,2
32,54,3
32,18,2
32,8,3
32,34,2
32,12,3
33,51,3
33,59,1
33,60,3
33,5,3
33,8,3
33,31,2
33,46,1
33,18,3
33,9,3
33,19,3
33,17,3
33,6,3
33,16,3
33,15,1
34,55,1
34,14,3
34,15,1
34,6,2
34,8,1
34,52,3
34,16,3
34,12,3
34,3,1
34,4,1
34,1,2
34,2,1
34,5,2
34,31,2
34,32,2
34,33,1
34,18,3
34,9,1
35,51,1
35,59,3
35,60,1
35,5,3
35,8,1
35,15,3
35,44,2
35,45,3
35,6,1
36,15,2
36,44,2
36,8,2
36,45,1
36,6,3
36,48,3
36,58,1
36,9,3
36,11,2
36,17,3
36,31,3
36,46,2
36,18,3
37,9,3
37,10,3
37,11,3
37,17,1
37,18,2
37,31,1
37,46,3
37,8,2
38,29,2
38,3,2
38,6,2
38,30,3
38,54,1
38,18,2
38,8,3
38,34,3
38,12,1
38,15,3
38,44,1
38,45,1
39,41,1
39,56,3
39,12,2
39,8,1
39,42,2
39,47,1
39,57,3
39,7,3
39,53,2
39,17,1
39,13,2
39,3,2
39,11,2
39,6,1
39,54,1
39,18,3
39,34,1
40,21,3
40,20,2
40,24,1
40,25,3
40,40,2
40,13,3
40,12,3
40,57,2
40,6,2
40,30,3
40,8,1
40,15,1
40,44,3
40,45,1
41,53,3
41,11,1
41,23,1
41,35,3
41,22,3
41,42,2
41,43,2
41,9,3
41,10,3
41,6,1
41,14,3
41,15,3
41,8,2
42,51,1
42,59,3
42,60,3
42,5,1
42,8,1
43,45,2
43,8,2
43,16,1
43,44,3
43,17,1
44,29,2
44,3,3
44,6,1
44,30,3
44,26,2
44,19,2
44,9,3
44,18,3
44,17,1
44,53,3
44,11,3
44,23,2
44,35,2
44,22,1
45,3,2
45,4,2
45,1,3
45,2,1
45,5,3
45,22,3
45,24,3
45,23,3
45,25,2
45,30,3
45,8,2
45,19,3
45,18,3
45,17,1
46,45,3
46,8,3
46,16,2
46,44,2
46,17,2
47,55,1
47,14,3
47,15,1
47,6,3
47,8,2
47,30,1
47,5,1
47,7,1
47,17,3
47,4,1
47,26,3
47,19,3
47,9,2
47,18,2
48,55,2
48,14,1
48,15,2
48,6,2
48,8,3
48,3,2
48,5,2
48,7,1
48,4,2
48,19,1
48,18,3
48,17,2
49,6,1
49,8,2
49,16,1
49,15,1
49,17,3
49,5,1
49,7,1
49,21,1
49,20,1
49,24,2
49,25,2
50,55,1
50,14,3
50,15,1
50,6,2
50,8,2
50,40,1
50,13,3
50,12,1
50,57,2
50,3,1
50,11,3
51,45,2
51,8,2
51,16,3
51,44,1
51,17,1
51,53,1
51,11,2
51,23,2
51,35,1
51,22,2
52,5,1
52,7,2
52,8,2
52,6,2
52,17,3
53,23,3
53,22,1
53,24,3
53,11,2
53,54,1
53,18,3
53,8,2
53,34,3
53,12,1
54,30,3
54,5,1
54,7,2
54,17,2
54,4,3
54,6,1
54,14,1
54,15,3
54,8,3
54,16,3
55,21,2
55,20,1
55,24,1
55,25,2
55,29,1
55,3,2
55,6,1
55,30,3
55,15,3
55,44,3
55,8,1
55,45,2
55,27,3
55,28,1
55,5,3
56,21,3
56,20,3
56,24,2
56,25,2
57,49,3
57,6,1
57,24,3
57,57,1
57,3,2
57,48,1
57,58,1
57,9,1
57,11,2
57,17,3
57,53,2
57,23,1
57,35,3
57,22,3
58,55,3
58,14,1
58,15,3
58,6,2
58,8,1
58,31,3
58,46,1
58,18,1
58,9,3
59,55,1
59,14,2
59,15,2
59,6,2
59,8,3
60,45,2
60,8,2
60,16,2
60,44,1
60,17,2
61,24,2
61,25,3
61,30,3
61,8,2
61,29,1
61,3,2
61,6,2
62,51,1
62,59,2
62,60,1
62,5,2
62,8,2
62,31,2
62,46,2
62,18,2
62,9,3
62,50,3
62,29,3
62,3,3
62,20,2
62,30,3
63,6,1
63,14,3
63,15,2
63,8,3
63,16,2
64,12,1
64,13,1
64,3,1
64,11,2
64,6,1
64,24,2
64,25,3
64,22,1
64,23,1
65,27,3
65,28,3
65,5,1
65,3,2
65,8,3
65,49,3
65,6,2
65,24,1
65,57,1
65,48,2
65,58,3
65,9,2
65,11,1
65,17,3
66,24,1
66,25,3
66,30,3
66,8,3
67,19,3
67,18,1
67,17,1
67,8,2
67,24,3
67,25,1
67,30,3
67,31,2
67,46,2
67,9,3
68,35,1
68,36,3
68,23,2
68,11,3
68,3,3
68,4,2
68,1,1
68,2,3
68,5,2
68,49,3
68,6,3
68,24,1
68,57,2
69,23,1
69,22,2
69,24,3
69,11,2
70,18,1
70,9,3
70,19,2
70,17,3
70,8,3
71,24,2
71,25,2
71,22,2
71,23,1
71,30,3
71,5,1
71,7,2
71,17,2
71,4,2
71,53,1
71,11,2
71,35,3
72,30,2
72,5,3
72,7,2
72,17,3
72,4,3
72,21,2
72,20,3
72,24,1
72,25,1
73,12,1
73,13,3
73,3,2
73,11,1
73,6,3
73,14,1
73,15,1
73,8,1
73,9,2
74,39,2
74,25,3
74,24,1
74,8,2
74,5,1
74,9,1
74,10,2
74,11,1
74,17,3
74,18,2
74,15,3
74,44,3
74,45,3
74,6,2
75,26,3
75,19,2
75,9,2
75,18,3
75,17,2
75,6,2
75,14,1
75,15,2
75,8,2
76,15,2
76,44,1
76,8,3
76,45,1
76,6,3
76,55,3
76,14,3
77,48,2
77,58,1
77,9,2
77,11,3
77,17,1
77,34,3
77,8,2
77,53,3
77,1,1
77,12,2
77,52,3
77,15,1
77,16,2
77,13,2
77,3,1
77,6,2
78,6,1
78,8,1
78,16,1
78,15,2
78,17,1
78,29,3
78,3,2
78,30,1
79,12,3
79,13,2
79,3,3
79,11,3
79,6,1
80,9,2
80,10,1
80,11,1
80,17,1
80,18,1
80,24,3
80,25,2
80,30,1
80,8,3
81,24,2
81,25,3
81,22,1
81,23,3
81,6,2
81,8,3
81,16,1
81,15,2
81,17,1
81,27,3
81,28,1
81,5,2
81,3,2
82,53,3
82,11,1
82,23,2
82,35,3
82,22,3
82,27,1
82,28,3
82,5,3
82,3,3
82,8,3
82,15,1
82,44,3
82,45,3
82,6,2
83,20,2
83,1,3
83,2,2
83,21,3
83,29,1
83,3,1
83,6,1
83,30,1
83,15,3
83,44,1
83,8,3
83,45,2
83,26,2
83,19,2
83,9,2
83,18,2
83,17,1
84,19,1
84,18,1
84,17,1
84,8,3
85,3,2
85,5,2
85,6,2
85,7,1
85,4,1
85,8,2
85,49,2
85,24,2
85,57,3
85,14,2
85,15,3
85,9,2
86,26,1
86,19,3
86,9,1
86,18,3
86,17,2
86,45,2
86,8,2
86,16,2
86,44,2
87,39,1
87,25,3
87,24,2
87,8,2
87,5,2
88,6,3
88,14,2
88,15,1
88,8,1
88,16,1
88,55,1
88,49,1
88,24,2
88,57,1
88,3,2
89,51,2
89,59,3
89,60,3
89,5,3
89,8,1
89,23,3
89,22,2
89,24,3
89,11,2
89,25,1
90,6,1
90,14,1
90,15,2
90,8,2
90,16,3
90,48,2
90,58,1
90,9,1
90,11,1
90,17,2
90,53,2
90,23,1
90,35,3
90,22,1
91,20,2
91,1,1
91,2,1
91,21,1
91,35,3
91,36,1
91,23,1
91,11,1
91,52,1
91,8,2
91,15,1
91,16,1
91,12,2
92,21,1
92,20,1
92,24,1
92,25,1
92,42,3
92,43,3
92,11,3
92,9,1
92,10,1
92,31,3
92,32,2
92,33,1
92,18,2
92,17,1
93,23,2
93,22,1
93,24,3
93,11,1
93,5,1
93,7,3
93,8,1
93,6,3
93,17,3
93,27,1
93,28,2
93,3,1
93,15,2
93,44,2
93,45,1
94,34,1
94,8,2
94,53,1
94,1,1
94,12,1
94,48,1
94,58,1
94,9,3
94,11,2
94,17,1
95,45,1
95,8,3
95,16,2
95,44,3
95,17,2
95,21,2
95,20,2
95,24,2
95,25,1
95,29,2
95,3,2
95,6,2
95,30,1
96,27,3
96,28,3
96,5,2
96,3,1
96,8,3
96,22,3
96,24,2
96,23,2
96,25,1
97,51,1
97,59,2
97,60,1
97,5,3
97,8,2
98,22,3
98,24,1
98,23,1
98,25,3
98,53,1
98,11,3
98,35,3
98,19,2
98,18,3
98,17,2
98,8,3
98,6,3
98,14,3
98,15,2
98,9,2
99,40,3
99,13,3
99,12,3
99,57,1
99,6,2
100,22,3
100,24,2
100,23,2
100,25,1
100,53,3
100,11,1
100,35,1
100,6,3
100,14,3
100,15,3
100,8,3
100,16,2
100,31,3
100,32,1
100,33,1
100,18,1
100,9,2
101,19,2
101,18,1
101,17,2
101,8,1
101,21,2
101,20,3
101,24,2
101,25,2
102,19,2
102,18,2
102,17,2
102,8,3
102,48,3
102,58,3
102,9,1
102,11,1
103,52,2
103,8,1
103,15,3
103,16,1
103,12,1
103,31,1
103,32,1
103,33,1
103,18,1
103,9,3
103,26,2
103,19,2
103,17,1
104,27,2
104,28,2
104,5,1
104,3,2
104,8,1
105,19,3
105,18,2
105,17,2
105,8,1
105,48,2
105,58,1
105,9,1
105,11,2
106,6,1
106,14,2
106,15,2
106,8,3
106,9,1
107,9,3
107,10,3
107,11,3
107,17,3
107,18,2
107,35,1
107,36,1
107,23,1
108,6,2
108,14,1
108,15,3
108,8,1
108,9,1
109,20,1
109,1,3
109,2,1
109,21,3
109,34,1
109,8,1
109,53,2
109,12,2
109,6,1
109,16,3
109,15,1
109,17,2
110,42,2
110,43,3
110,11,3
110,9,1
110,10,1
110,23,3
110,22,3
110,24,1
110,30,3
110,5,1
110,7,3
110,17,2
110,4,3
110,49,1
110,6,1
110,57,1
110,3,3
111,40,1
111,13,1
111,12,2
111,57,3
111,6,3
111,50,2
111,29,1
111,3,2
111,20,2
111,30,2
111,4,3
111,1,3
111,2,2
111,5,3
112,24,2
112,25,1
112,22,2
112,23,1
112,54,1
112,18,1
112,8,3
112,34,3
112,12,2
113,27,3
113,28,1
113,5,2
113,3,3
113,8,3
113,23,2
113,22,3
113,24,3
113,11,3
113,41,3
113,56,3
113,12,2
113,42,2
114,47,1
114,57,1
114,7,1
114,53,1
114,17,3
115,24,3
115,25,1
115,22,3
115,23,1
116,9,2
116,10,3
116,11,3
116,17,2
116,18,3
116,29,1
116,3,3
116,6,1
116,30,3
117,21,2
117,20,1
117,24,2
117,25,3
117,6,2
117,14,2
117,15,2
117,8,3
117,9,2
117,30,1
118,40,1
118,13,2
118,12,2
118,57,1
118,6,2
118,8,2
118,16,1
118,15,2
118,17,3
118,29,1
118,3,1
118,30,2
119,12,3
119,13,2
119,3,3
119,11,1
119,6,2
119,24,3
119,25,2
119,30,2
119,8,1
120,6,2
120,14,3
120,15,2
120,8,1
120,9,1
120,30,1
120,5,2
120,7,2
120,17,2
120,4,3
120,35,1
120,36,1
120,23,2
120,11,3
120,10,3
120,18,2
121,3,1
121,4,1
121,1,2
121,2,1
121,5,3
121,47,1
121,57,2
121,7,1
121,53,3
121,17,1
121,8,2
121,37,2
121,38,1
121,9,3
121,18,3
121,29,2
121,6,1
121,30,2
122,31,1
122,32,3
122,33,3
122,18,3
122,9,3
122,26,1
122,19,3
122,17,3
123,23,3
123,22,1
123,24,2
123,11,2
123,9,2
123,10,1
123,17,2
123,18,2
123,51,3
123,59,1
123,60,3
123,5,1
123,8,1
124,24,1
124,25,1
124,30,1
124,8,2
124,9,1
124,10,1
124,11,3
124,17,2
124,18,1
125,6,1
125,14,3
125,15,1
125,8,2
125,9,1
125,52,2
125,16,1
125,12,1
126,9,3
126,10,1
126,11,2
126,17,2
126,18,1
127,35,1
127,36,3
127,23,1
127,11,3
128,26,2
128,19,1
128,9,1
128,18,2
128,17,3
128,34,1
128,8,3
128,53,3
128,1,3
128,12,1
129,8,1
129,37,1
129,38,2
129,9,3
129,18,1
130,15,1
130,44,3
130,8,3
130,45,3
130,6,3
130,53,1
130,11,2
130,23,1
130,35,1
130,22,2
131,40,3
131,13,1
131,12,1
131,57,1
131,6,2
131,50,3
131,29,2
131,3,2
131,20,1
131,30,1
131,8,1
131,16,2
131,15,2
131,17,2
131,11,1
132,3,1
132,5,1
132,6,2
132,7,1
132,4,2
132,8,3
132,54,2
132,18,1
132,34,2
132,12,3
133,45,2
133,8,1
133,16,1
133,44,3
133,17,2
133,15,2
133,6,1
133,31,3
133,46,2
133,18,1
133,9,1
134,8,3
134,37,2
134,38,2
134,9,3
134,18,2
134,6,2
134,16,2
134,15,3
134,17,3
135,45,1
135,8,1
135,16,2
135,44,3
135,17,1
135,53,3
135,11,3
135,23,1
135,35,3
135,22,3
135,6,3
135,14,3
135,15,1
136,26,2
136,19,1
136,9,2
136,18,3
136,17,2
136,29,3
136,3,2
136,6,3
136,30,1
137,49,2
137,6,1
137,24,2
137,57,1
137,3,3
137,15,3
137,44,3
137,8,3
137,45,2
137,42,3
137,43,2
137,11,2
137,9,1
137,10,3
138,30,1
138,5,3
138,7,3
138,17,3
138,4,1
139,20,1
139,1,3
139,2,2
139,21,3
140,18,3
140,9,3
140,19,3
140,17,2
140,8,3
141,21,1
141,20,2
141,24,1
141,25,1
141,22,2
141,23,1
142,35,1
142,36,2
142,23,3
142,11,3
143,29,2
143,3,1
143,6,2
143,30,2
143,5,1
143,7,3
143,4,1
143,8,1
143,51,1
143,59,2
143,60,3
144,24,1
144,25,1
144,30,3
144,8,3
144,48,1
144,58,2
144,9,3
144,11,2
144,17,3
144,22,2
144,23,3
145,48,3
145,58,2
145,9,2
145,11,1
145,17,2
145,45,1
145,8,1
145,16,1
145,44,3
145,15,1
145,6,3
146,49,3
146,6,3
146,24,3
146,57,1
146,3,1
146,21,2
146,20,1
146,25,2
146,34,2
146,8,2
146,53,3
146,1,2
146,12,3
147,24,3
147,25,1
147,22,3
147,23,3
148,5,3
148,7,3
148,8,2
148,6,2
148,17,3
149,55,2
149,14,2
149,15,3
149,6,3
149,8,3
149,24,1
149,25,2
149,22,3
149,23,1
150,31,2
150,46,1
150,18,1
150,8,1
150,9,3
151,8,3
151,37,3
151,38,3
151,9,2
151,18,2
151,6,3
151,16,3
151,15,3
151,17,2
151,26,2
151,19,3
152,15,1
152,44,1
152,8,3
152,45,2
152,6,2
153,52,3
153,8,2
153,15,2
153,16,3
153,12,3
153,19,3
153,18,1
153,17,2
154,55,1
154,14,1
154,15,3
154,6,2
154,8,3
154,37,1
154,38,3
154,9,1
154,18,2
154,29,3
154,3,3
154,30,2
154,51,3
154,59,2
154,60,2
154,5,2
155,41,1
155,56,3
155,12,3
155,8,3
155,42,3
155,52,1
155,15,2
155,16,2
156,12,1
156,13,3
156,3,3
156,11,1
156,6,2
156,31,2
156,32,1
156,33,1
156,18,1
156,9,2
156,39,1
156,25,3
156,24,3
156,8,3
156,5,2
156,51,1
156,59,3
156,60,1
157,24,3
157,25,2
157,22,3
157,23,3
157,31,1
157,32,3
157,33,2
157,18,3
157,9,1
158,31,3
158,32,2
158,33,2
158,18,1
158,9,2
158,51,3
158,59,1
158,60,2
158,5,3
158,8,2
159,49,3
159,6,2
159,24,1
159,57,3
159,3,1
160,6,2
160,14,3
160,15,3
160,8,2
160,16,1
161,51,3
161,59,2
161,60,1
161,5,2
161,8,2
162,49,1
162,6,2
162,24,3
162,57,1
162,3,3
162,26,3
162,19,2
162,9,1
162,18,2
162,17,2
163,9,3
163,10,3
163,11,1
163,17,3
163,18,3
163,22,1
163,24,3
163,23,3
163,25,3
164,53,1
164,11,1
164,23,1
164,35,2
164,22,1
164,6,2
164,14,3
164,15,3
164,8,1
164,9,2
164,42,1
164,43,2
164,10,3
165,30,2
165,5,2
165,7,3
165,17,2
165,4,3
166,8,3
166,37,1
166,38,2
166,9,2
166,18,3
166,23,2
166,22,2
166,24,2
166,11,3
166,50,3
166,29,2
166,3,1
166,20,3
166,30,1
167,42,3
167,43,1
167,11,1
167,9,3
167,10,2
167,34,2
167,8,1
167,53,2
167,1,3
167,12,2
168,19,2
168,18,3
168,17,3
168,8,1
168,40,1
168,13,1
168,12,1
168,57,1
168,6,1
169,29,1
169,3,3
169,6,1
169,30,2
170,50,1
170,29,1
170,3,2
170,20,1
170,30,2
170,19,1
170,18,2
170,17,3
170,8,1
171,39,3
171,25,2
171,24,1
171,8,1
171,5,1
171,31,2
171,32,2
171,33,1
171,18,3
171,9,1
171,12,2
171,13,3
171,3,3
171,11,3
171,6,3
171,50,2
171,29,1
171,20,2
171,30,2
172,49,1
172,6,1
172,24,2
172,57,1
172,3,2
172,40,1
172,13,3
172,12,2
172,4,2
172,1,3
172,2,2
172,5,2
173,29,1
173,3,1
173,6,3
173,30,1
173,5,2
173,7,3
173,17,3
173,4,2
174,15,1
174,44,3
174,8,3
174,45,2
174,6,3
174,23,3
174,22,2
174,24,1
174,11,3
175,12,2
175,13,2
175,3,2
175,11,3
175,6,3
175,41,2
175,56,2
175,8,1
175,42,1
176,42,2
176,43,3
176,11,2
176,9,2
176,10,3
177,45,3
177,8,3
177,16,3
177,44,3
177,17,1
177,12,2
177,13,2
177,3,1
177,11,2
177,6,1
178,45,1
178,8,3
178,16,1
178,44,3
178,17,3
178,6,2
178,14,2
178,15,2
178,9,3
179,31,2
179,46,2
179,18,1
179,8,1
179,9,3
179,24,3
179,25,1
179,22,1
179,23,1
180,22,2
180,24,2
180,23,3
180,25,3
180,9,3
180,10,2
180,11,2
180,17,3
180,18,1
180,27,3
180,28,2
180,5,3
180,3,3
180,8,1
181,6,2
181,14,3
181,15,2
181,8,3
181,9,2
181,3,1
181,4,3
181,1,3
181,2,3
181,5,2
181,51,1
181,59,2
181,60,3
182,19,1
182,18,3
182,17,2
182,8,2
182,39,1
182,25,3
182,24,1
182,5,3
182,37,2
182,38,1
182,9,2
182,45,2
182,16,2
182,44,1
183,6,2
183,14,1
183,15,2
183,8,3
183,16,2
184,31,2
184,46,1
184,18,3
184,8,2
184,9,3
185,26,2
185,19,1
185,9,2
185,18,2
185,17,3
186,12,1
186,13,1
186,3,3
186,11,3
186,6,3
186,21,1
186,20,3
186,24,3
186,25,3
186,5,2
186,7,1
186,4,2
186,8,2
187,34,3
187,8,1
187,53,2
187,1,1
187,12,1
187,11,2
187,23,3
187,35,3
187,22,3
187,13,3
187,3,2
187,6,3
188,27,2
188,28,2
188,5,3
188,3,1
188,8,2
188,34,2
188,53,1
188,1,2
188,12,1
189,5,1
189,7,1
189,8,3
189,6,3
189,17,1
190,42,1
190,43,1
190,11,2
190,9,1
190,10,2
190,30,1
190,5,3
190,7,3
190,17,3
190,4,1
190,53,2
190,23,3
190,35,1
190,22,1
191,55,1
191,14,3
191,15,2
191,6,3
191,8,2
192,18,3
192,9,1
192,19,3
192,17,2
192,8,1
192,20,1
192,1,2
192,2,3
192,21,3
193,3,2
193,4,1
193,1,1
193,2,1
193,5,3
194,27,3
194,28,3
194,5,1
194,3,3
194,8,2
194,6,2
194,16,1
194,15,3
194,17,1
194,50,3
194,29,2
194,20,2
194,30,1
195,49,3
195,6,1
195,24,2
195,57,3
195,3,1
196,6,3
196,8,2
196,16,3
196,15,3
196,17,1
196,14,3
196,9,2
197,30,3
197,5,2
197,7,3
197,17,3
197,4,3
197,12,1
197,13,1
197,3,3
197,11,3
197,6,2
198,6,1
198,14,2
198,15,2
198,8,1
198,9,3
198,24,3
198,25,1
198,30,3
198,27,1
198,28,3
198,5,1
198,3,1
199,26,1
199,19,3
199,9,3
199,18,1
199,17,3
199,47,1
199,57,2
199,7,3
199,53,1
199,23,3
199,22,3
199,24,3
199,11,3
199,10,2
200,50,2
200,29,2
200,3,1
200,20,1
200,30,2
200,5,2
200,6,3
200,7,2
200,4,3
200,8,1
201,48,3
201,58,3
201,9,2
201,11,1
201,17,3
201,42,2
201,43,3
201,10,1
201,39,3
201,25,2
201,24,2
201,8,3
201,5,3
201,51,3
201,59,2
201,60,1
202,12,2
202,13,2
202,3,1
202,11,3
202,6,3
202,31,3
202,32,3
202,33,2
202,18,3
202,9,1
203,52,2
203,8,2
203,15,3
203,16,2
203,12,1
204,12,3
204,13,2
204,3,1
204,11,2
204,6,3
204,20,1
204,1,2
204,2,3
204,21,2
204,22,1
204,24,3
204,23,1
204,25,3
204,54,2
204,18,2
204,8,3
204,34,1
205,26,2
205,19,2
205,9,2
205,18,1
205,17,1
205,15,1
205,44,3
205,8,3
205,45,2
205,6,3
206,45,1
206,8,1
206,16,2
206,44,3
206,17,3
206,39,2
206,25,1
206,24,3
206,5,1
206,22,1
206,23,1
207,42,2
207,43,1
207,11,3
207,9,3
207,10,1
207,6,1
207,14,2
207,15,2
207,8,1
207,16,2
207,17,3
207,18,2
207,55,1
208,23,2
208,22,3
208,24,1
208,11,3
208,20,2
208,1,2
208,2,2
208,21,3
208,27,3
208,28,2
208,5,1
208,3,3
208,8,3
209,3,1
209,5,1
209,6,3
209,7,2
209,4,1
209,8,1
210,42,3
210,43,3
210,11,1
210,9,1
210,10,1
210,34,3
210,8,1
210,53,1
210,1,1
210,12,3
210,55,2
210,14,3
210,15,1
210,6,2
211,24,3
211,25,3
211,22,3
211,23,3
211,31,2
211,32,2
211,33,3
211,18,1
211,9,1
211,27,3
211,28,1
211,5,2
211,3,3
211,8,1
211,29,1
211,6,1
211,30,1
212,52,2
212,8,3
212,15,3
212,16,2
212,12,1
212,37,1
212,38,2
212,9,1
212,18,3
212,53,3
212,11,1
212,23,1
212,35,3
212,22,2
213,19,1
213,18,1
213,17,3
213,8,3
213,21,2
213,20,3
213,24,3
213,25,3
213,40,2
213,13,1
213,12,1
213,57,1
213,6,2
213,54,1
213,34,2
214,39,3
214,25,1
214,24,3
214,8,3
214,5,1
214,42,3
214,43,3
214,11,1
214,9,1
214,10,3
214,40,3
214,13,3
214,12,2
214,57,2
214,6,3
214,26,3
214,19,1
214,18,3
214,17,3
215,31,1
215,46,1
215,18,1
215,8,1
215,9,2
215,55,2
215,14,3
215,15,3
215,6,2
215,35,3
215,36,3
215,23,2
215,11,1
215,51,2
215,59,3
215,60,1
215,5,2
216,19,2
216,18,3
216,17,1
216,8,3
216,42,2
216,43,3
216,11,2
216,9,3
216,10,1
216,3,3
216,5,3
216,6,3
216,7,3
216,4,2
216,49,1
216,24,3
216,57,3
217,53,1
217,11,2
217,23,3
217,35,3
217,22,3
217,42,1
217,43,3
217,9,2
217,10,3
217,21,2
217,20,3
217,24,1
217,25,3
217,1,3
217,2,3
218,18,3
218,9,2
218,19,1
218,17,1
218,8,3
218,34,3
218,53,2
218,1,2
218,12,3
218,3,3
218,4,2
218,2,3
218,5,1
219,9,2
219,10,1
219,11,1
219,17,2
219,18,3
219,12,2
219,13,1
219,3,3
219,6,1
219,27,3
219,28,2
219,5,2
219,8,1
220,19,2
220,18,1
220,17,3
220,8,1
220,24,2
220,25,3
220,22,2
220,23,3
220,49,3
220,6,3
220,57,2
220,3,2
220,52,3
220,15,3
220,16,2
220,12,2
221,45,3
221,8,3
221,16,1
221,44,3
221,17,1
222,23,3
222,22,2
222,24,1
222,11,1
222,52,3
222,8,3
222,15,2
222,16,3
222,12,3
222,51,3
222,59,2
222,60,1
222,5,3
222,40,2
222,13,2
222,57,2
222,6,2
223,15,2
223,44,2
223,8,2
223,45,3
223,6,1
223,48,3
223,58,3
223,9,2
223,11,1
223,17,2
223,10,1
223,18,2
223,35,3
223,36,2
223,23,2
224,18,1
224,9,1
224,19,2
224,17,3
224,8,2
224,31,2
224,32,2
224,33,3
224,15,2
224,44,2
224,45,1
224,6,3
225,3,1
225,4,3
225,1,2
225,2,3
225,5,2
226,9,3
226,10,1
226,11,1
226,17,2
226,18,1
226,40,2
226,13,2
226,12,3
226,57,1
226,6,1
227,41,2
227,56,1
227,12,1
227,8,2
227,42,1
227,15,1
227,44,1
227,45,1
227,6,1
228,6,3
228,14,2
228,15,1
228,8,3
228,16,2
228,21,3
228,20,3
228,24,2
228,25,2
228,55,1
229,29,2
229,3,1
229,6,3
229,30,3
229,24,3
229,25,3
229,22,2
229,23,3
230,35,3
230,36,1
230,23,2
230,11,2
231,22,3
231,24,1
231,23,2
231,25,2
232,49,2
232,6,2
232,24,2
232,57,2
232,3,2
232,42,3
232,43,2
232,11,2
232,9,2
232,10,2
233,40,3
233,13,2
233,12,1
233,57,3
233,6,3
233,15,3
233,44,3
233,8,2
233,45,3
234,27,1
234,28,2
234,5,2
234,3,2
234,8,3
235,21,1
235,20,3
235,24,1
235,25,1
235,30,1
235,8,1
235,53,1
235,11,1
235,23,1
235,35,3
235,22,1
236,48,1
236,58,3
236,9,3
236,11,3
236,17,2
236,31,1
236,46,3
236,18,1
236,8,2
236,19,2
237,53,3
237,11,1
237,23,2
237,35,2
237,22,3
237,50,1
237,29,2
237,3,3
237,20,1
237,30,3
237,19,1
237,18,1
237,17,3
237,8,1
238,6,1
238,14,1
238,15,2
238,8,2
238,16,3
239,3,1
239,5,2
239,6,3
239,7,2
239,4,3
239,8,3
239,35,1
239,36,1
239,23,3
239,11,1
239,21,2
239,20,3
239,24,3
239,25,2
240,6,1
240,14,2
240,15,3
240,8,3
240,9,1
241,21,3
241,20,2
241,24,1
241,25,1
241,3,3
241,4,2
241,1,3
241,2,3
241,5,2
241,22,3
241,23,2
242,39,2
242,25,1
242,24,3
242,8,3
242,5,3
242,30,1
242,45,2
242,16,2
242,44,2
242,17,2
242,12,3
242,13,3
242,3,2
242,11,1
242,6,3
243,35,2
243,36,2
243,23,2
243,11,3
244,6,3
244,8,2
244,16,2
244,15,3
244,17,3
244,20,2
244,1,3
244,2,1
244,21,3
244,50,1
244,29,2
244,3,2
244,30,2
245,40,1
245,13,1
245,12,3
245,57,3
245,6,3
245,47,2
245,7,1
245,53,1
245,17,2
246,35,1
246,36,2
246,23,2
246,11,1
246,8,3
246,37,2
246,38,1
246,9,2
246,18,1
246,49,3
246,6,2
246,24,2
246,57,1
246,3,3
246,14,1
246,15,2
247,34,1
247,8,1
247,53,3
247,1,3
247,12,2
247,15,1
247,44,1
247,45,3
247,6,2
247,24,2
247,25,1
247,30,1
247,16,3
247,17,2
248,45,1
248,8,1
248,16,2
248,44,2
248,17,3
248,19,3
248,18,2
248,53,3
248,11,2
248,23,2
248,35,2
248,22,3
248,47,3
248,57,2
248,7,2
249,29,3
249,3,3
249,6,3
249,30,3
249,24,1
249,25,3
249,8,2
250,48,3
250,58,3
250,9,1
250,11,2
250,17,1
250,20,3
250,1,3
250,2,3
250,21,1
251,34,1
251,8,3
251,53,3
251,1,3
251,12,3
251,48,1
251,58,2
251,9,2
251,11,1
251,17,2
251,27,2
251,28,2
251,5,3
251,3,2
252,35,1
252,36,2
252,23,1
252,11,2
252,20,1
252,1,3
252,2,2
252,21,3
253,42,2
253,43,2
253,11,2
253,9,1
253,10,1
253,54,3
253,18,1
253,8,1
253,34,1
253,12,1
254,54,2
254,18,1
254,8,2
254,34,2
254,12,3
254,35,3
254,36,3
254,23,1
254,11,3
254,40,2
254,13,3
254,57,3
254,6,3
254,52,2
254,15,3
254,16,2
255,22,1
255,24,1
255,23,2
255,25,2
255,5,3
255,7,3
255,8,1
255,6,2
255,17,3
255,55,1
255,14,1
255,15,3
256,26,3
256,19,3
256,9,3
256,18,2
256,17,1
257,19,1
257,18,1
257,17,1
257,8,2
257,39,3
257,25,2
257,24,3
257,5,3
258,3,1
258,5,1
258,6,2
258,7,2
258,4,3
258,8,3
259,15,2
259,44,3
259,8,3
259,45,2
259,6,2
259,35,3
259,36,2
259,23,1
259,11,2
259,27,3
259,28,1
259,5,1
259,3,1
259,47,3
259,57,1
259,7,1
259,53,2
259,17,3
260,6,3
260,14,1
260,15,1
260,8,3
260,16,2
260,9,2
260,10,2
260,11,2
260,17,2
260,18,2
260,19,1
261,39,2
261,25,2
261,24,1
261,8,3
261,5,2
261,18,2
261,9,2
261,19,2
261,17,1
261,41,1
261,56,1
261,12,3
261,42,1
262,48,2
262,58,1
262,9,3
262,11,2
262,17,1
262,10,2
262,18,1
263,48,3
263,58,3
263,9,1
263,11,3
263,17,2
263,19,3
263,18,3
263,8,1
263,6,1
263,14,3
263,15,1
263,51,3
263,59,1
263,60,1
263,5,3
264,15,2
264,44,1
264,8,2
264,45,3
264,6,2
265,29,3
265,3,3
265,6,1
265,30,1
265,49,2
265,24,3
265,57,2
265,8,2
265,16,1
265,15,3
265,17,1
266,35,1
266,36,2
266,23,3
266,11,1
266,52,2
266,8,1
266,15,2
266,16,2
266,12,3
266,9,2
266,10,2
266,17,2
266,18,3
266,19,2
267,52,3
267,8,3
267,15,3
267,16,3
267,12,1
268,40,1
268,13,3
268,12,2
268,57,2
268,6,3
268,31,1
268,32,1
268,33,1
268,18,2
268,9,3
269,48,2
269,58,3
269,9,1
269,11,3
269,17,3
269,41,3
269,56,1
269,12,2
269,8,3
269,42,1
270,45,2
270,8,2
270,16,1
270,44,2
270,17,1
271,22,2
271,24,3
271,23,1
271,25,2
272,21,1
272,20,2
272,24,1
272,25,2
272,6,3
272,14,3
272,15,3
272,8,3
272,16,2
272,37,2
272,38,2
272,9,1
272,18,2
273,48,1
273,58,3
273,9,1
273,11,1
273,17,3
274,5,3
274,7,3
274,8,3
274,6,1
274,17,2
275,9,3
275,10,2
275,11,3
275,17,1
275,18,2
275,47,3
275,57,2
275,7,1
275,53,1
275,6,2
275,14,1
275,15,1
275,8,2
275,16,2
276,34,3
276,8,1
276,53,2
276,1,1
276,12,1
277,39,1
277,25,3
277,24,2
277,8,2
277,5,3
277,42,3
277,43,1
277,11,3
277,9,2
277,10,3
278,48,1
278,58,2
278,9,3
278,11,2
278,17,2
278,51,1
278,59,3
278,60,2
278,5,2
278,8,1
278,30,2
278,7,3
278,4,2
278,21,3
278,20,1
278,24,1
278,25,2
279,40,2
279,13,1
279,12,2
279,57,1
279,6,2
279,41,2
279,56,2
279,8,1
279,42,3
279,23,3
279,22,3
279,24,1
279,11,3
280,27,1
280,28,3
280,5,2
280,3,2
280,8,3
280,47,2
280,57,1
280,7,3
280,53,2
280,17,1
280,37,3
280,38,1
280,9,3
280,18,2
281,41,1
281,56,2
281,12,2
281,8,3
281,42,2
282,52,3
282,8,3
282,15,3
282,16,3
282,12,3
283,54,3
283,18,3
283,8,1
283,34,3
283,12,2
283,55,1
283,14,3
283,15,3
283,6,2
283,53,3
283,1,2
284,23,3
284,22,3
284,24,3
284,11,3
285,30,2
285,5,2
285,7,3
285,17,2
285,4,2
285,19,2
285,18,1
285,8,2
285,21,2
285,20,3
285,24,3
285,25,2
286,15,1
286,44,2
286,8,1
286,45,3
286,6,1
286,52,2
286,16,3
286,12,2
286,39,3
286,25,2
286,24,2
286,5,3
287,40,2
287,13,2
287,12,1
287,57,2
287,6,1
287,18,1
287,9,3
287,19,1
287,17,1
287,8,3
287,24,1
287,25,1
287,22,3
287,23,2
288,5,2
288,7,3
288,8,1
288,6,2
288,17,3
288,52,3
288,15,2
288,16,1
288,12,2
288,19,3
288,18,3
288,9,1
289,52,2
289,8,1
289,15,1
289,16,1
289,12,2
290,54,3
290,18,1
290,8,1
290,34,1
290,12,2
290,24,1
290,25,3
290,22,2
290,23,3
290,6,3
290,14,2
290,15,2
290,16,2
291,45,1
291,8,3
291,16,1
291,44,1
291,17,1
291,39,3
291,25,3
291,24,3
291,5,3
291,6,2
291,15,3
291,50,2
291,29,3
291,3,3
291,20,2
291,30,3
292,27,3
292,28,2
292,5,3
292,3,1
292,8,1
292,21,3
292,20,2
292,24,2
292,25,2
292,31,3
292,46,2
292,18,2
292,9,1
293,21,1
293,20,3
293,24,1
293,25,2
293,3,1
293,5,1
293,6,2
293,7,2
293,4,1
293,8,3
293,40,1
293,13,1
293,12,3
293,57,3
293,35,2
293,36,1
293,23,2
293,11,3
294,54,1
294,18,2
294,8,2
294,34,1
294,12,2
294,6,2
294,14,1
294,15,1
294,9,1
294,44,2
294,45,3
295,45,1
295,8,1
295,16,1
295,44,3
295,17,2
295,39,3
295,25,3
295,24,1
295,5,2
295,42,1
295,43,3
295,11,2
295,9,3
295,10,2
296,53,1
296,11,1
296,23,3
296,35,3
296,22,1
296,30,1
296,5,2
296,7,2
296,17,3
296,4,3
297,6,2
297,14,1
297,15,2
297,8,2
297,16,3
297,47,1
297,57,3
297,7,3
297,53,2
297,17,1
297,18,1
297,9,3
297,19,2
297,24,3
297,25,1
297,30,2
298,8,3
298,37,3
298,38,1
298,9,3
298,18,2
299,23,2
299,22,3
299,24,2
299,11,2
299,54,1
299,18,2
299,8,1
299,34,2
299,12,1
299,51,3
299,59,1
299,60,1
299,5,3
300,50,1
300,29,2
300,3,3
300,20,3
300,30,3
300,6,3
300,14,3
300,15,1
300,8,1
300,16,1
300,23,3
300,22,3
300,24,3
300,11,2
300,52,2
300,12,1
301,23,3
301,22,1
301,24,3
301,11,1
301,27,2
301,28,1
301,5,3
301,3,1
301,8,2
301,53,2
301,35,3
302,3,1
302,5,1
302,6,3
302,7,2
302,4,3
302,8,2
302,37,1
302,38,3
302,9,3
302,18,2
303,49,3
303,6,3
303,24,2
303,57,3
303,3,3
303,31,2
303,32,1
303,33,3
303,18,3
303,9,3
303,14,1
303,15,1
303,8,1
303,16,1
304,20,1
304,1,2
304,2,2
304,21,2
304,39,3
304,25,3
304,24,2
304,8,2
304,5,2
305,35,1
305,36,1
305,23,2
305,11,1
306,47,1
306,57,3
306,7,1
306,53,1
306,17,3
306,6,2
306,14,2
306,15,2
306,8,3
306,9,1
307,30,2
307,5,2
307,7,2
307,17,1
307,4,3
308,19,3
308,18,2
308,17,2
308,8,2
309,51,2
309,59,1
309,60,3
309,5,2
309,8,1
309,15,2
309,44,2
309,45,2
309,6,3
309,39,2
309,25,2
309,24,1
309,20,1
309,1,3
309,2,1
309,21,1
310,24,3
310,25,3
310,22,3
310,23,3
310,18,1
310,9,3
310,19,2
310,17,2
310,8,2
311,19,1
311,18,2
311,17,3
311,8,2
311,27,3
311,28,2
311,5,2
311,3,2
311,6,1
311,14,2
311,15,1
311,9,3
312,24,3
312,25,1
312,30,2
312,8,1
312,29,1
312,3,1
312,6,1
312,14,1
312,15,2
312,9,1
313,21,2
313,20,1
313,24,3
313,25,3
313,30,1
313,5,2
313,7,1
313,17,1
313,4,2
313,31,2
313,46,2
313,18,2
313,8,2
313,9,1
313,53,2
313,11,1
313,23,2
313,35,3
313,22,2
314,12,3
314,13,1
314,3,2
314,11,2
314,6,2
315,12,3
315,13,2
315,3,3
315,11,1
315,6,3
316,24,3
316,25,2
316,22,1
316,23,3
316,49,1
316,6,2
316,57,3
316,3,1
317,51,2
317,59,3
317,60,1
317,5,1
317,8,3
318,55,3
318,14,3
318,15,1
318,6,3
318,8,3
319,49,2
319,6,1
319,24,3
319,57,1
319,3,3
319,42,3
319,43,2
319,11,1
319,9,3
319,10,1
320,23,1
320,22,3
320,24,1
320,11,1
320,20,2
320,1,2
320,2,2
320,21,3
320,31,2
320,46,1
320,18,1
320,8,2
320,9,1
321,3,2
321,5,1
321,6,3
321,7,2
321,4,3
321,8,2
321,24,3
321,25,1
321,22,3
321,23,1
321,53,1
321,11,3
321,35,2
321,47,1
321,57,1
321,17,1
322,12,1
322,13,1
322,3,2
322,11,3
322,6,2
322,8,3
322,37,2
322,38,1
322,9,1
322,18,2
322,10,2
322,17,1
323,24,3
323,25,1
323,30,2
323,8,3
323,29,1
323,3,1
323,6,3
323,34,2
323,53,3
323,1,3
323,12,3
323,42,1
323,43,2
323,11,1
323,9,3
323,10,1
324,31,1
324,46,3
324,18,1
324,8,2
324,9,3
324,22,3
324,24,1
324,23,1
324,25,3
324,10,1
324,11,3
324,17,2
324,21,2
324,20,2
325,22,1
325,24,2
325,23,2
325,25,2
326,24,2
326,25,2
326,30,2
326,8,1
326,29,1
326,3,3
326,6,2
327,18,2
327,9,3
327,19,3
327,17,1
327,8,3
327,50,2
327,29,2
327,3,3
327,20,2
327,30,1
327,53,1
327,11,3
327,23,2
327,35,3
327,22,3
328,3,3
328,4,1
328,1,2
328,2,1
328,5,1
328,49,2
328,6,3
328,24,3
328,57,2
329,31,2
329,32,3
329,33,2
329,18,1
329,9,3
329,12,3
329,13,1
329,3,1
329,11,1
329,6,1
330,48,2
330,58,1
330,9,2
330,11,3
330,17,2
330,41,3
330,56,1
330,12,1
330,8,2
330,42,3
330,53,1
330,23,2
330,35,3
330,22,2
330,20,1
330,1,1
330,2,2
330,21,3
331,24,1
331,25,3
331,30,3
331,8,1
332,23,3
332,22,2
332,24,1
332,11,2
332,8,3
332,37,2
332,38,1
332,9,2
332,18,2
332,42,3
332,43,2
332,10,2
332,35,1
332,36,2
333,45,3
333,8,2
333,16,3
333,44,1
333,17,2
333,3,2
333,5,3
333,6,3
333,7,3
333,4,2
334,18,2
334,9,1
334,19,3
334,17,2
334,8,3
334,34,3
334,53,1
334,1,2
334,12,2
334,45,3
334,16,3
334,44,1
335,9,1
335,10,3
335,11,2
335,17,3
335,18,2
335,5,1
335,7,3
335,8,1
335,6,3
335,47,2
335,57,3
335,53,1
335,16,3
335,15,3
336,40,3
336,13,1
336,12,1
336,57,1
336,6,2
336,19,3
336,18,3
336,17,3
336,8,1
336,30,2
336,5,3
336,7,1
336,4,3
336,24,2
336,25,1
336,22,1
336,23,2
337,24,3
337,25,1
337,22,3
337,23,3
338,52,3
338,8,2
338,15,1
338,16,2
338,12,3
338,24,1
338,25,2
338,30,2
338,22,1
338,23,3
338,6,2
338,17,1
339,23,3
339,22,1
339,24,3
339,11,3
339,41,1
339,56,2
339,12,2
339,8,2
339,42,1
339,9,1
339,10,1
339,17,3
339,18,3
339,21,2
339,20,1
339,25,3
340,19,2
340,18,1
340,17,1
340,8,2
341,6,2
341,14,2
341,15,3
341,8,1
341,9,3
341,34,3
341,53,1
341,1,3
341,12,2
341,23,1
341,22,2
341,24,3
341,11,1
342,45,1
342,8,1
342,16,3
342,44,3
342,17,1
343,24,2
343,25,1
343,30,1
343,8,1
344,53,1
344,11,2
344,23,2
344,35,3
344,22,1
344,9,1
344,10,1
344,17,3
344,18,2
344,19,2
344,8,1
344,15,1
344,44,1
344,45,2
344,6,2
345,12,3
345,13,1
345,3,3
345,11,3
345,6,1
345,49,2
345,24,1
345,57,1
345,48,3
345,58,3
345,9,2
345,17,2
346,29,1
346,3,2
346,6,1
346,30,2
346,39,2
346,25,1
346,24,3
346,8,3
346,5,3
347,49,1
347,6,3
347,24,3
347,57,3
347,3,2
347,25,2
347,22,1
347,23,2
347,8,2
347,37,2
347,38,1
347,9,3
347,18,3
347,52,3
347,15,1
347,16,2
347,12,2
348,31,1
348,46,2
348,18,1
348,8,3
348,9,3
348,37,1
348,38,2
348,23,2
348,22,3
348,24,2
348,11,3
348,3,2
348,5,1
348,6,2
348,7,2
348,4,3
349,18,3
349,9,3
349,19,1
349,17,2
349,8,2
350,3,3
350,5,1
350,6,3
350,7,1
350,4,2
350,8,3
350,14,1
350,15,3
350,9,1
351,48,2
351,58,2
351,9,2
351,11,1
351,17,1
351,12,2
351,13,3
351,3,1
351,6,2
351,42,2
351,43,3
351,10,3
351,40,2
351,57,2
352,50,2
352,29,1
352,3,1
352,20,2
352,30,2
353,19,3
353,18,1
353,17,3
353,8,2
353,40,2
353,13,1
353,12,1
353,57,2
353,6,2
353,27,3
353,28,3
353,5,3
353,3,1
354,23,2
354,22,3
354,24,3
354,11,3
354,21,3
354,20,3
354,25,3
355,47,2
355,57,1
355,7,3
355,53,1
355,17,2
355,42,3
355,43,2
355,11,3
355,9,2
355,10,2
356,24,3
356,25,2
356,30,2
356,8,2
356,3,2
356,5,1
356,6,3
356,7,1
356,4,1
357,49,3
357,6,2
357,24,3
357,57,2
357,3,3
357,19,3
357,18,1
357,17,3
357,8,2
358,52,2
358,8,1
358,15,3
358,16,1
358,12,3
359,6,3
359,14,3
359,15,1
359,8,3
359,16,1
359,3,2
359,4,2
359,1,1
359,2,1
359,5,3
359,41,1
359,56,3
359,12,3
359,42,1
359,43,3
359,11,3
359,9,3
359,10,2
360,42,3
360,43,3
360,11,1
360,9,3
360,10,1
361,23,1
361,22,3
361,24,2
361,11,3
361,40,2
361,13,3
361,12,2
361,57,1
361,6,3
361,47,1
361,7,2
361,53,1
361,17,2
361,27,3
361,28,1
361,5,2
361,3,3
361,8,3
362,8,2
362,37,3
362,38,1
362,9,2
362,18,2
362,40,3
362,13,3
362,12,3
362,57,1
362,6,1
362,3,1
362,5,1
362,7,3
362,4,3
362,14,3
362,15,1
362,16,3
363,51,2
363,59,2
363,60,2
363,5,1
363,8,3
363,52,1
363,15,2
363,16,2
363,12,3
363,49,3
363,6,3
363,24,2
363,57,2
363,3,3
364,54,1
364,18,1
364,8,2
364,34,3
364,12,2
365,50,2
365,29,2
365,3,1
365,20,3
365,30,3
365,4,3
365,1,2
365,2,3
365,5,1
365,21,1
365,24,3
365,25,3
366,6,2
366,8,3
366,16,1
366,15,3
366,17,1
366,27,2
366,28,2
366,5,1
366,3,1
366,52,1
366,12,1
366,14,1
367,30,3
367,5,2
367,7,1
367,17,2
367,4,1
367,31,2
367,32,1
367,33,2
367,18,1
367,9,3
368,15,3
368,44,3
368,8,1
368,45,3
368,6,2
368,24,1
368,25,3
368,22,1
368,23,3
368,47,3
368,57,1
368,7,1
368,53,3
368,17,3
368,39,3
368,5,1
369,3,3
369,5,3
369,6,1
369,7,2
369,4,2
369,8,1
370,35,1
370,36,1
370,23,3
370,11,2
370,15,3
370,44,2
370,8,3
370,45,2
370,6,2
370,51,2
370,59,2
370,60,3
370,5,2
370,31,3
370,46,2
370,18,2
370,9,3
371,34,3
371,8,1
371,53,1
371,1,2
371,12,1
371,52,1
371,15,2
371,16,3
372,40,1
372,13,3
372,12,3
372,57,1
372,6,1
372,29,2
372,3,3
372,30,1
372,35,3
372,36,2
372,23,1
372,11,1
372,21,2
372,20,2
372,24,1
372,25,1
373,19,3
373,18,1
373,17,1
373,8,1
374,53,2
374,11,3
374,23,3
374,35,2
374,22,1
374,51,3
374,59,3
374,60,3
374,5,2
374,8,3
374,27,3
374,28,3
374,3,3
375,26,2
375,19,3
375,9,1
375,18,2
375,17,2
376,40,2
376,13,2
376,12,2
376,57,1
376,6,2
376,5,3
376,7,3
376,8,1
376,17,2
376,54,1
376,18,1
376,34,2
377,18,1
377,9,3
377,19,3
377,17,1
377,8,1
377,51,1
377,59,3
377,60,3
377,5,2
377,54,3
377,34,2
377,12,3
378,3,2
378,4,2
378,1,2
378,2,1
378,5,2
379,6,1
379,14,1
379,15,2
379,8,2
379,16,1
379,40,3
379,13,2
379,12,3
379,57,3
379,19,2
379,18,1
379,17,3
379,48,2
379,58,3
379,9,2
379,11,1
380,55,2
380,14,3
380,15,2
380,6,1
380,8,3
380,9,1
380,10,1
380,11,3
380,17,2
380,18,3
381,47,3
381,57,3
381,7,2
381,53,2
381,17,1
381,19,1
381,18,2
381,8,3
382,3,3
382,5,2
382,6,3
382,7,1
382,4,1
382,8,2
382,26,2
382,19,1
382,9,3
382,18,1
382,17,3
383,49,1
383,6,3
383,24,2
383,57,2
383,3,3
383,5,1
383,7,1
383,8,1
383,17,1
383,54,3
383,18,1
383,34,3
383,12,1
383,23,3
383,22,2
383,11,2
384,22,3
384,24,2
384,23,2
384,25,2
384,5,2
384,7,2
384,8,1
384,6,1
384,17,2
385,55,3
385,14,3
385,15,3
385,6,3
385,8,1
385,3,2
385,4,1
385,1,1
385,2,1
385,5,3
386,29,1
386,3,2
386,6,1
386,30,2
386,45,2
386,8,3
386,16,3
386,44,2
386,17,1
386,40,1
386,13,1
386,12,3
386,57,1
387,26,3
387,19,2
387,9,3
387,18,3
387,17,3
387,12,3
387,13,1
387,3,2
387,11,1
387,6,3
387,39,1
387,25,2
387,24,3
387,8,1
387,5,1
387,54,3
387,34,2
388,24,3
388,25,3
388,30,3
388,8,3
389,54,3
389,18,1
389,8,2
389,34,2
389,12,3
389,27,2
389,28,1
389,5,1
389,3,2
389,19,1
389,17,1
390,27,2
390,28,2
390,5,2
390,3,3
390,8,2
391,48,2
391,58,2
391,9,1
391,11,1
391,17,2
392,9,1
392,10,3
392,11,1
392,17,3
392,18,3
392,19,2
392,8,1
392,53,1
392,23,2
392,35,3
392,22,3
393,52,3
393,8,3
393,15,1
393,16,3
393,12,2
393,35,2
393,36,1
393,23,2
393,11,2
393,22,1
393,24,1
393,42,2
393,43,2
393,9,1
393,10,1
394,24,1
394,25,2
394,30,2
394,8,2
394,48,2
394,58,2
394,9,2
394,11,1
394,17,1
395,19,3
395,18,1
395,17,2
395,8,3
395,22,1
395,24,1
395,23,3
395,25,2
395,9,2
395,10,2
395,11,3
396,45,3
396,8,3
396,16,3
396,44,2
396,17,1
396,26,1
396,19,3
396,9,3
396,18,3
396,34,1
396,53,2
396,1,3
396,12,1
397,18,2
397,9,2
397,19,1
397,17,2
397,8,1
398,24,3
398,25,2
398,22,1
398,23,2
398,53,2
398,11,2
398,35,3
398,41,1
398,56,1
398,12,2
398,8,1
398,42,2
399,42,2
399,43,3
399,11,1
399,9,3
399,10,2
399,22,2
399,24,2
399,23,2
399,25,3
400,6,1
400,14,2
400,15,2
400,8,1
400,16,3
400,21,3
400,20,3
400,24,1
400,25,1
400,26,2
400,19,1
400,9,1
400,18,2
400,17,1
401,30,2
401,5,3
401,7,3
401,17,2
401,4,1
401,49,1
401,6,2
401,24,1
401,57,3
401,3,3
401,34,3
401,8,2
401,53,1
401,1,1
401,12,3
401,15,3
401,44,3
401,45,1
402,49,3
402,6,2
402,24,2
402,57,2
402,3,2
402,5,2
402,7,1
402,4,2
402,8,3
403,20,2
403,1,2
403,2,3
403,21,1
403,12,3
403,13,1
403,3,2
403,11,1
403,6,2
403,45,1
403,8,3
403,16,2
403,44,3
403,17,1
403,52,2
403,15,3
404,51,3
404,59,1
404,60,2
404,5,2
404,8,2
404,30,3
404,7,2
404,17,3
404,4,3
404,6,1
404,14,3
404,15,3
404,16,3
404,50,1
404,29,1
404,3,1
404,20,3
405,47,3
405,57,1
405,7,1
405,53,3
405,17,2
406,18,2
406,9,2
406,19,1
406,17,1
406,8,2
407,3,1
407,5,1
407,6,2
407,7,2
407,4,1
407,8,3
407,54,2
407,18,1
407,34,3
407,12,2
408,5,1
408,7,3
408,8,3
408,6,2
408,17,3
408,35,3
408,36,3
408,23,1
408,11,3
409,6,2
409,14,1
409,15,3
409,8,3
409,9,2
410,47,1
410,57,1
410,7,1
410,53,1
410,17,2
410,51,1
410,59,1
410,60,3
410,5,1
410,8,1
410,24,1
410,25,3
410,30,1
411,6,3
411,8,2
411,16,1
411,15,3
411,17,3
411,24,2
411,25,2
411,22,3
411,23,1
411,47,2
411,57,1
411,7,3
411,53,1
411,3,3
411,4,3
411,1,2
411,2,1
411,5,2
412,24,3
412,25,3
412,30,2
412,8,2
412,31,3
412,32,1
412,33,3
412,18,2
412,9,2
412,37,2
412,38,2
412,39,1
412,5,3
413,55,2
413,14,2
413,15,2
413,6,3
413,8,1
413,3,1
413,4,1
413,1,3
413,2,3
413,5,1
413,48,3
413,58,1
413,9,3
413,11,3
413,17,1
414,42,2
414,43,1
414,11,1
414,9,3
414,10,2
414,3,2
414,4,2
414,1,2
414,2,1
414,5,2
414,20,2
414,21,3
414,12,2
414,13,3
414,6,2
415,5,3
415,7,3
415,8,3
415,6,2
415,17,3
415,42,3
415,43,3
415,11,1
415,9,1
415,10,3
415,18,3
415,19,2
415,51,3
415,59,3
415,60,2
416,15,1
416,44,2
416,8,3
416,45,1
416,6,1
416,14,2
416,16,1
416,21,1
416,20,2
416,24,2
416,25,1
417,3,2
417,4,2
417,1,2
417,2,2
417,5,3
417,9,1
417,10,1
417,11,3
417,17,1
417,18,2
418,51,3
418,59,3
418,60,2
418,5,2
418,8,3
418,41,3
418,56,2
418,12,3
418,42,2
418,29,1
418,3,3
418,6,1
418,30,3
419,51,1
419,59,1
419,60,3
419,5,2
419,8,2
419,29,3
419,3,3
419,6,2
419,30,1
420,18,2
420,9,1
420,19,1
420,17,2
420,8,2
421,20,2
421,1,3
421,2,3
421,21,1
422,23,3
422,22,1
422,24,2
422,11,1
422,40,2
422,13,2
422,12,1
422,57,2
422,6,1
422,5,1
422,7,2
422,8,3
422,17,3
423,42,1
423,43,1
423,11,1
423,9,1
423,10,3
424,12,2
424,13,1
424,3,3
424,11,1
424,6,3
424,30,1
424,5,3
424,7,3
424,17,1
424,4,1
424,40,3
424,57,3
425,55,1
425,14,1
425,15,2
425,6,3
425,8,1
425,42,3
425,43,1
425,11,2
425,9,2
425,10,3
426,47,1
426,57,2
426,7,2
426,53,2
426,17,3
426,40,3
426,13,3
426,12,3
426,6,2
426,51,3
426,59,3
426,60,3
426,5,1
426,8,1
427,42,2
427,43,3
427,11,1
427,9,2
427,10,2
427,6,3
427,8,3
427,16,1
427,15,3
427,17,1
427,44,2
427,45,1
427,55,1
427,14,1
428,6,1
428,8,2
428,16,2
428,15,3
428,17,2
428,18,2
428,9,1
428,19,3
429,45,3
429,8,3
429,16,1
429,44,3
429,17,1
429,50,1
429,29,1
429,3,2
429,20,3
429,30,2
430,42,2
430,43,3
430,11,1
430,9,2
430,10,3
430,30,2
430,5,1
430,7,2
430,17,1
430,4,2
430,35,3
430,36,2
430,23,2
431,41,3
431,56,1
431,12,3
431,8,3
431,42,1
431,24,3
431,25,2
431,22,1
431,23,1
431,21,2
431,20,3
432,22,3
432,24,1
432,23,2
432,25,3
432,19,3
432,18,3
432,17,3
432,8,3
433,6,3
433,14,2
433,15,3
433,8,3
433,16,3
433,51,2
433,59,1
433,60,2
433,5,3
434,47,2
434,57,2
434,7,3
434,53,2
434,17,3
434,3,2
434,5,2
434,6,1
434,4,2
434,8,2
435,40,3
435,13,1
435,12,3
435,57,1
435,6,3
436,41,3
436,56,1
436,12,3
436,8,3
436,42,1
437,29,1
437,3,1
437,6,2
437,30,3
437,41,3
437,56,2
437,12,2
437,8,3
437,42,3
438,30,2
438,5,1
438,7,1
438,17,3
438,4,2
438,29,2
438,3,2
438,6,3
438,42,1
438,43,3
438,11,1
438,9,2
438,10,1
439,31,3
439,32,2
439,33,3
439,18,1
439,9,2
439,46,1
439,8,1
439,30,3
439,5,1
439,7,3
439,17,1
439,4,3
439,6,2
440,48,1
440,58,3
440,9,1
440,11,1
440,17,1
440,8,1
440,37,1
440,38,2
440,18,3
440,50,1
440,29,1
440,3,3
440,20,1
440,30,2
441,15,1
441,44,3
441,8,1
441,45,1
441,6,3
441,29,1
441,3,3
441,30,1
441,9,1
441,10,1
441,11,1
441,17,3
441,18,1
441,5,3
441,7,3
441,4,3
442,9,2
442,10,2
442,11,3
442,17,3
442,18,1
443,34,3
443,8,2
443,53,3
443,1,1
443,12,1
444,6,2
444,8,3
444,16,2
444,15,1
444,17,1
445,54,3
445,18,2
445,8,2
445,34,1
445,12,1
446,21,3
446,20,1
446,24,3
446,25,2
446,42,2
446,43,2
446,11,2
446,9,1
446,10,3
447,6,2
447,14,3
447,15,1
447,8,3
447,9,1
447,29,2
447,3,1
447,30,3
448,12,1
448,13,1
448,3,2
448,11,3
448,6,1
449,34,3
449,8,1
449,53,1
449,1,2
449,12,3
449,26,1
449,19,3
449,9,2
449,18,1
449,17,2
449,48,1
449,58,1
449,11,2
449,20,1
449,2,1
449,21,3
450,21,1
450,20,3
450,24,1
450,25,2
450,6,1
450,14,1
450,15,2
450,8,2
450,9,1
450,44,2
450,45,3
450,48,3
450,58,1
450,11,2
450,17,1
451,15,3
451,44,3
451,8,3
451,45,2
451,6,2
451,39,1
451,25,2
451,24,3
451,5,3
451,34,3
451,53,2
451,1,2
451,12,3
451,48,1
451,58,3
451,9,3
451,11,2
451,17,1
452,8,2
452,37,1
452,38,2
452,9,1
452,18,1
452,27,1
452,28,1
452,5,1
452,3,2
452,22,2
452,24,3
452,23,3
452,25,3
453,47,1
453,57,3
453,7,3
453,53,1
453,17,3
454,52,2
454,8,1
454,15,2
454,16,2
454,12,1
454,54,1
454,18,2
454,34,1
454,50,3
454,29,3
454,3,3
454,20,2
454,30,1
455,24,3
455,25,2
455,22,2
455,23,3
456,23,2
456,22,2
456,24,1
456,11,3
456,20,3
456,1,1
456,2,3
456,21,1
456,15,2
456,44,3
456,8,1
456,45,3
456,6,2
457,45,2
457,8,3
457,16,2
457,44,2
457,17,3
457,26,1
457,19,3
457,9,2
457,18,3
457,48,3
457,58,2
457,11,3
458,42,2
458,43,3
458,11,1
458,9,1
458,10,2
458,34,3
458,8,1
458,53,3
458,1,2
458,12,3
458,52,3
458,15,2
458,16,2
459,9,2
459,10,3
459,11,1
459,17,1
459,18,2
459,26,2
459,19,2
459,29,2
459,3,3
459,6,2
459,30,3
459,12,2
459,13,2
460,19,3
460,18,1
460,17,1
460,8,3
460,20,2
460,1,1
460,2,1
460,21,1
460,24,2
460,25,2
460,30,1
461,40,2
461,13,1
461,12,3
461,57,3
461,6,1
461,18,2
461,9,1
461,19,2
461,17,2
461,8,2
461,5,3
461,7,1
462,27,1
462,28,2
462,5,3
462,3,3
462,8,2
462,31,3
462,46,2
462,18,1
462,9,2
463,18,1
463,9,3
463,19,1
463,17,2
463,8,3
463,21,3
463,20,3
463,24,1
463,25,2
463,55,1
463,14,2
463,15,2
463,6,3
464,18,3
464,9,1
464,19,1
464,17,1
464,8,3
464,23,3
464,22,1
464,24,3
464,11,3
464,6,1
464,14,2
464,15,3
464,16,1
464,3,3
464,4,2
464,1,1
464,2,3
464,5,3
465,53,2
465,11,3
465,23,3
465,35,2
465,22,2
465,47,3
465,57,2
465,7,3
465,17,1
465,19,2
465,18,2
465,8,3
465,31,1
465,32,3
465,33,2
465,9,1
466,47,3
466,57,2
466,7,1
466,53,3
466,17,2
466,34,1
466,8,3
466,1,1
466,12,1
466,6,3
466,16,1
466,15,3
467,48,3
467,58,2
467,9,2
467,11,3
467,17,3
467,31,3
467,46,2
467,18,1
467,8,3
467,42,2
467,43,1
467,10,1
468,6,2
468,14,3
468,15,1
468,8,2
468,9,2
468,26,2
468,19,2
468,18,2
468,17,3
468,21,2
468,20,3
468,24,2
468,25,2
469,47,3
469,57,2
469,7,3
469,53,2
469,17,3
470,41,2
470,56,3
470,12,2
470,8,3
470,42,1
471,18,1
471,9,1
471,19,3
471,17,2
471,8,3
471,22,1
471,24,1
471,23,2
471,25,2
471,31,3
471,32,1
471,33,1
471,34,1
471,53,3
471,1,2
471,12,3
472,51,3
472,59,2
472,60,1
472,5,2
472,8,3
473,3,3
473,4,1
473,1,3
473,2,2
473,5,1
473,50,1
473,29,1
473,20,3
473,30,2
474,48,2
474,58,1
474,9,2
474,11,2
474,17,2
475,34,2
475,8,3
475,53,3
475,1,1
475,12,1
476,23,1
476,22,3
476,24,2
476,11,2
476,6,2
476,14,2
476,15,3
476,8,2
476,16,3
477,15,3
477,44,3
477,8,1
477,45,2
477,6,1
477,27,3
477,28,2
477,5,1
477,3,3
477,9,3
477,10,2
477,11,3
477,17,3
477,18,3
478,55,3
478,14,1
478,15,3
478,6,1
478,8,1
479,6,2
479,14,2
479,15,2
479,8,1
479,16,2
480,48,3
480,58,1
480,9,2
480,11,2
480,17,1
481,41,1
481,56,2
481,12,3
481,8,1
481,42,2
482,55,1
482,14,1
482,15,3
482,6,2
482,8,2
482,30,1
482,5,3
482,7,3
482,17,2
482,4,1
482,24,3
482,25,3
483,21,1
483,20,1
483,24,2
483,25,2
484,26,3
484,19,1
484,9,2
484,18,1
484,17,3
485,31,3
485,32,2
485,33,1
485,18,1
485,9,1
485,23,1
485,22,3
485,24,3
485,11,3
485,26,3
485,19,2
485,17,3
486,34,1
486,8,3
486,53,1
486,1,2
486,12,1
486,24,3
486,25,1
486,22,3
486,23,3
487,3,3
487,5,1
487,6,3
487,7,1
487,4,1
487,8,2
487,48,3
487,58,3
487,9,1
487,11,2
487,17,1
487,15,1
487,44,1
487,45,2
487,24,3
487,25,1
487,22,1
487,23,1
488,22,2
488,24,2
488,23,3
488,25,3
489,8,2
489,37,2
489,38,3
489,9,1
489,18,2
489,6,1
489,14,2
489,15,2
489,48,1
489,58,2
489,11,3
489,17,3
490,23,2
490,22,2
490,24,2
490,11,3
490,6,3
490,14,2
490,15,2
490,8,3
490,9,3
491,3,1
491,5,3
491,6,1
491,7,3
491,4,2
491,8,3
491,12,3
491,13,1
491,11,2
491,40,1
491,57,1
492,35,2
492,36,2
492,23,3
492,11,2
492,42,2
492,43,2
492,9,2
492,10,2
492,12,2
492,13,2
492,3,1
492,6,3
492,15,1
492,44,2
492,8,2
492,45,3
493,40,1
493,13,2
493,12,1
493,57,1
493,6,2
493,24,3
493,25,1
493,30,2
493,8,1
493,55,3
493,14,3
493,15,1
494,50,3
494,29,3
494,3,2
494,20,1
494,30,2
494,34,2
494,8,2
494,53,1
494,1,1
494,12,2
494,55,1
494,14,2
494,15,2
494,6,2
495,31,3
495,32,2
495,33,2
495,18,1
495,9,1
495,34,1
495,8,3
495,53,3
495,1,3
495,12,2
495,3,3
495,4,1
495,2,1
495,5,2
496,54,3
496,18,1
496,8,1
496,34,1
496,12,2
496,42,1
496,43,3
496,11,1
496,9,3
496,10,1
496,22,1
496,24,1
496,23,1
496,25,1
496,39,3
496,5,2
497,24,2
497,25,1
497,22,2
497,23,2
498,19,2
498,18,1
498,17,2
498,8,3
498,9,3
498,10,2
498,11,2
498,22,3
498,24,2
498,23,1
498,25,3
499,23,3
499,22,2
499,24,2
499,11,3
499,25,1
499,30,1
499,8,2
499,19,2
499,18,3
499,17,2
499,21,1
499,20,1
500,21,1
500,20,1
500,24,1
500,25,1
500,52,3
500,8,3
500,15,1
500,16,1
500,12,1
500,3,2
500,5,3
500,6,1
500,7,3
500,4,1
500,34,3
500,53,3
500,1,1
501,22,1
501,24,3
501,23,3
501,25,3
501,3,3
501,5,2
501,6,1
501,7,2
501,4,1
501,8,1
502,30,2
502,5,2
502,7,1
502,17,3
502,4,3
502,47,2
502,57,1
502,53,2
502,19,3
502,18,3
502,8,2
503,48,2
503,58,3
503,9,2
503,11,2
503,17,1
503,51,3
503,59,2
503,60,2
503,5,2
503,8,3
503,31,1
503,32,3
503,33,3
503,18,3
504,55,2
504,14,3
504,15,2
504,6,2
504,8,1
504,18,3
504,9,2
504,19,1
504,17,2
505,40,3
505,13,2
505,12,3
505,57,1
505,6,3
505,53,2
505,11,1
505,23,2
505,35,1
505,22,3
505,51,3
505,59,3
505,60,1
505,5,1
505,8,1
506,19,3
506,18,3
506,17,2
506,8,1
506,15,1
506,44,1
506,45,2
506,6,1
506,48,3
506,58,2
506,9,1
506,11,2
506,20,1
506,1,3
506,2,3
506,21,3
507,40,1
507,13,2
507,12,3
507,57,1
507,6,1
508,3,1
508,4,1
508,1,3
508,2,1
508,5,1
509,24,3
509,25,1
509,30,1
509,8,1
509,37,1
509,38,3
509,9,2
509,18,3
510,50,2
510,29,2
510,3,2
510,20,2
510,30,2
511,39,3
511,25,1
511,24,3
511,8,1
511,5,1
512,52,2
512,8,1
512,15,1
512,16,1
512,12,3
512,44,2
512,45,2
512,6,2
512,27,2
512,28,3
512,5,1
512,3,1
513,23,3
513,22,2
513,24,2
513,11,2
513,50,2
513,29,2
513,3,1
513,20,3
513,30,1
513,31,2
513,46,2
513,18,2
513,8,1
513,9,3
514,6,1
514,14,1
514,15,3
514,8,1
514,16,1
514,54,1
514,18,1
514,34,3
514,12,3
514,47,3
514,57,1
514,7,1
514,53,3
514,17,1
515,18,3
515,9,2
515,19,3
515,17,3
515,8,2
515,45,1
515,16,1
515,44,1
515,55,3
515,14,1
515,15,2
515,6,2
516,53,1
516,11,3
516,23,1
516,35,3
516,22,2
516,6,1
516,14,2
516,15,3
516,8,1
516,9,2
516,3,3
516,4,1
516,1,3
516,2,1
516,5,3
517,54,2
517,18,2
517,8,1
517,34,1
517,12,2
517,21,2
517,20,3
517,24,3
517,25,2
518,26,3
518,19,3
518,9,1
518,18,2
518,17,2
518,40,2
518,13,3
518,12,1
518,57,2
518,6,3
518,10,1
518,11,2
519,35,1
519,36,1
519,23,3
519,11,3
519,22,2
519,24,2
519,25,2
519,30,3
519,8,3
520,45,1
520,8,2
520,16,1
520,44,3
520,17,1
521,41,2
521,56,1
521,12,1
521,8,2
521,42,1
522,49,2
522,6,1
522,24,3
522,57,3
522,3,2
522,45,1
522,8,1
522,16,1
522,44,2
522,17,2
522,23,2
522,22,2
522,11,3
522,4,1
522,1,3
522,2,3
522,5,3
523,48,2
523,58,3
523,9,2
523,11,1
523,17,1
524,15,3
524,44,2
524,8,3
524,45,2
524,6,2
524,48,1
524,58,3
524,9,3
524,11,2
524,17,2
525,9,2
525,10,3
525,11,2
525,17,2
525,18,2
526,41,3
526,56,3
526,12,2
526,8,3
526,42,2
527,19,3
527,18,3
527,17,2
527,8,1
527,3,3
527,4,1
527,1,3
527,2,3
527,5,2
527,26,1
527,9,3
527,7,2
527,6,2
528,3,1
528,5,1
528,6,2
528,7,1
528,4,1
528,8,3
528,26,2
528,19,1
528,9,3
528,18,2
528,17,3
528,50,3
528,29,1
528,20,1
528,30,1
529,6,3
529,14,2
529,15,3
529,8,1
529,9,2
529,3,2
529,5,2
529,7,3
529,4,3
530,49,3
530,6,2
530,24,3
530,57,3
530,3,3
530,45,1
530,8,2
530,16,1
530,44,2
530,17,1
531,51,3
531,59,1
531,60,2
531,5,2
531,8,3
531,24,1
531,25,1
531,22,3
531,23,1
531,3,1
531,4,1
531,1,2
531,2,1
532,18,1
532,9,1
532,19,2
532,17,3
532,8,1
532,40,1
532,13,1
532,12,3
532,57,3
532,6,2
533,20,2
533,1,1
533,2,1
533,21,3
533,55,1
533,14,1
533,15,2
533,6,1
533,8,2
533,45,3
533,16,3
533,44,2
533,17,2
534,3,2
534,5,2
534,6,2
534,7,3
534,4,2
534,8,1
535,6,3
535,8,2
535,16,2
535,15,3
535,17,1
535,29,2
535,3,3
535,30,2
535,55,2
535,14,1
535,22,1
535,24,3
535,23,3
535,25,2
536,42,1
536,43,3
536,11,1
536,9,3
536,10,3
536,18,2
536,19,1
536,17,1
536,8,3
537,45,2
537,8,2
537,16,2
537,44,1
537,17,1
537,29,2
537,3,1
537,6,3
537,30,2
537,31,2
537,32,2
537,33,1
537,18,3
537,9,2
537,51,3
537,59,2
537,60,1
537,5,3
538,45,1
538,8,1
538,16,2
538,44,1
538,17,2
538,34,1
538,53,2
538,1,1
538,12,2
538,48,3
538,58,1
538,9,3
538,11,3
538,21,1
538,20,1
538,24,2
538,25,2
539,30,2
539,5,2
539,7,3
539,17,3
539,4,3
539,40,3
539,13,2
539,12,2
539,57,2
539,6,1
539,18,1
539,9,2
539,19,2
539,8,3
540,30,1
540,5,3
540,7,3
540,17,2
540,4,2
541,35,3
541,36,2
541,23,1
541,11,3
541,12,3
541,13,2
541,3,2
541,6,2
541,50,3
541,29,2
541,20,3
541,30,3
542,39,3
542,25,3
542,24,1
542,8,1
542,5,2
542,50,1
542,29,3
542,3,2
542,20,1
542,30,3
543,6,2
543,14,3
543,15,3
543,8,2
543,9,1
544,31,2
544,46,1
544,18,1
544,8,3
544,9,2
544,6,3
544,14,1
544,15,2
544,35,3
544,36,1
544,23,1
544,11,2
545,3,3
545,5,3
545,6,3
545,7,2
545,4,2
545,8,1
546,54,2
546,18,2
546,8,3
546,34,1
546,12,2
547,45,1
547,8,1
547,16,2
547,44,2
547,17,2
547,39,2
547,25,3
547,24,3
547,5,2
548,52,3
548,8,3
548,15,2
548,16,2
548,12,2
548,20,1
548,1,1
548,2,3
548,21,2
548,54,3
548,18,2
548,34,1
548,30,2
548,5,2
548,7,2
548,17,1
548,4,2
549,34,2
549,8,2
549,53,3
549,1,3
549,12,3
549,3,3
549,4,2
549,2,2
549,5,3
550,48,3
550,58,1
550,9,1
550,11,3
550,17,3
550,31,3
550,32,2
550,33,2
550,18,2
550,34,2
550,8,1
550,53,3
550,1,1
550,12,2
551,42,1
551,43,1
551,11,2
551,9,1
551,10,1
551,31,1
551,32,1
551,33,1
551,18,1
551,6,3
551,14,2
551,15,3
551,8,2
551,50,1
551,29,3
551,3,1
551,20,3
551,30,2
552,41,3
552,56,1
552,12,3
552,8,1
552,42,2
552,40,2
552,13,1
552,57,3
552,6,2
553,54,2
553,18,1
553,8,3
553,34,2
553,12,2
553,19,3
553,17,3
554,52,3
554,8,3
554,15,3
554,16,2
554,12,3
555,51,1
555,59,1
555,60,1
555,5,2
555,8,3
556,48,1
556,58,1
556,9,3
556,11,3
556,17,3
556,12,1
556,13,3
556,3,2
556,6,2
556,40,3
556,57,3
557,6,2
557,14,1
557,15,2
557,8,2
557,16,1
558,5,2
558,7,3
558,8,3
558,6,3
558,17,3
558,12,2
558,13,2
558,3,2
558,11,3
558,27,3
558,28,3
559,51,3
559,59,2
559,60,3
559,5,3
559,8,1
559,3,2
559,6,2
559,7,3
559,4,2
559,17,1
560,52,2
560,8,1
560,15,2
560,16,3
560,12,2
561,3,2
561,4,1
561,1,1
561,2,1
561,5,2
561,48,1
561,58,2
561,9,3
561,11,1
561,17,3
561,39,1
561,25,2
561,24,2
561,8,2
562,55,1
562,14,2
562,15,1
562,6,3
562,8,1
562,27,2
562,28,3
562,5,2
562,3,2
563,41,2
563,56,2
563,12,2
563,8,3
563,42,3
563,27,3
563,28,3
563,5,2
563,3,2
563,29,3
563,6,3
563,30,1
564,6,3
564,14,1
564,15,2
564,8,3
564,9,3
565,8,2
565,37,3
565,38,1
565,9,3
565,18,2
565,31,1
565,32,2
565,33,2
565,3,1
565,5,2
565,6,2
565,7,3
565,4,2
565,52,1
565,15,2
565,16,1
565,12,1
566,39,1
566,25,2
566,24,1
566,8,3
566,5,2
566,51,2
566,59,1
566,60,1
567,24,1
567,25,3
567,22,3
567,23,2
567,30,2
567,5,3
567,7,3
567,17,1
567,4,2
568,47,1
568,57,1
568,7,2
568,53,2
568,17,1
568,54,1
568,18,1
568,8,2
568,34,3
568,12,3
569,6,2
569,8,3
569,16,1
569,15,1
569,17,1
569,14,2
570,49,3
570,6,3
570,24,1
570,57,3
570,3,3
571,9,3
571,10,2
571,11,1
571,17,2
571,18,1
571,52,1
571,8,3
571,15,3
571,16,2
571,12,2
571,53,3
571,23,2
571,35,3
571,22,1
572,9,2
572,10,2
572,11,1
572,17,3
572,18,2
573,40,3
573,13,2
573,12,2
573,57,2
573,6,1
573,19,2
573,18,2
573,17,3
573,8,3
573,55,1
573,14,1
573,15,3
573,54,2
573,34,2
574,49,2
574,6,3
574,24,2
574,57,3
574,3,1
574,50,2
574,29,2
574,20,1
574,30,2
574,27,3
574,28,1
574,5,1
574,8,3
575,12,3
575,13,1
575,3,2
575,11,1
575,6,2
576,55,2
576,14,2
576,15,1
576,6,3
576,8,1
576,35,3
576,36,3
576,23,2
576,11,2
577,21,1
577,20,3
577,24,1
577,25,1
577,40,3
577,13,3
577,12,2
577,57,1
577,6,1
578,34,3
578,8,3
578,53,2
578,1,1
578,12,2
579,12,2
579,13,3
579,3,3
579,11,3
579,6,2
579,31,2
579,46,2
579,18,3
579,8,3
579,9,2
579,54,3
579,34,2
580,20,2
580,1,3
580,2,3
580,21,2
580,12,1
580,13,2
580,3,1
580,11,1
580,6,1
580,8,1
580,37,3
580,38,1
580,9,2
580,18,3
581,24,1
581,25,1
581,30,1
581,8,2
582,40,1
582,13,1
582,12,3
582,57,1
582,6,3
583,30,3
583,5,2
583,7,1
583,17,2
583,4,2
583,8,3
583,6,1
584,31,1
584,32,1
584,33,3
584,18,1
584,9,3
584,6,2
584,14,1
584,15,2
584,8,1
584,16,3
584,51,1
584,59,2
584,60,1
584,5,2
585,15,2
585,44,3
585,8,3
585,45,3
585,6,1
585,22,2
585,24,2
585,23,3
585,25,2
586,48,2
586,58,1
586,9,1
586,11,3
586,17,2
586,20,2
586,1,2
586,2,2
586,21,1
586,34,1
586,8,3
586,53,1
586,12,1
586,35,2
586,36,3
586,23,1
587,21,1
587,20,2
587,24,2
587,25,1
588,22,2
588,24,2
588,23,2
588,25,1
589,3,1
589,5,2
589,6,1
589,7,1
589,4,2
589,8,1
589,14,2
589,15,3
589,9,2
590,50,1
590,29,1
590,3,1
590,20,2
590,30,1
591,3,1
591,5,2
591,6,2
591,7,3
591,4,3
591,8,2
592,6,1
592,14,3
592,15,3
592,8,3
592,9,1
593,20,1
593,1,2
593,2,2
593,21,2
594,27,2
594,28,2
594,5,1
594,3,1
594,8,1
595,23,2
595,22,2
595,24,1
595,11,3
596,21,3
596,20,3
596,24,2
596,25,1
597,39,3
597,25,1
597,24,3
597,8,1
597,5,1
598,3,2
598,5,3
598,6,1
598,7,1
598,4,3
598,8,1
599,9,2
599,10,3
599,11,3
599,17,3
599,18,3
599,41,2
599,56,1
599,12,2
599,8,2
599,42,3
599,5,2
599,7,1
599,6,3
600,40,1
600,13,1
600,12,3
600,57,3
600,6,2
600,19,3
600,18,3
600,17,3
600,8,1
600,14,2
600,15,3
600,9,2
600,49,3
600,24,1
600,3,3
601,54,1
601,18,3
601,8,1
601,34,3
601,12,3
602,6,1
602,14,1
602,15,3
602,8,1
602,16,1
603,54,3
603,18,1
603,8,3
603,34,2
603,12,3
603,45,2
603,16,1
603,44,2
603,17,2
604,19,3
604,18,3
604,17,1
604,8,1
604,50,3
604,29,2
604,3,3
604,20,1
604,30,1
605,47,3
605,57,2
605,7,1
605,53,1
605,17,1
605,42,2
605,43,1
605,11,3
605,9,2
605,10,3
606,31,1
606,32,3
606,33,1
606,18,1
606,9,3
606,26,2
606,19,3
606,17,3
606,8,2
606,37,2
606,38,3
606,51,3
606,59,1
606,60,2
606,5,1
607,19,2
607,18,1
607,17,3
607,8,2
607,12,1
607,13,3
607,3,1
607,11,1
607,6,2
607,22,3
607,24,2
607,23,3
607,25,2
608,54,2
608,18,3
608,8,1
608,34,3
608,12,2
608,41,1
608,56,1
608,42,1
608,26,2
608,19,3
608,9,1
608,17,3
608,45,3
608,16,3
608,44,1
609,50,2
609,29,1
609,3,2
609,20,1
609,30,2
609,19,2
609,18,2
609,17,3
609,8,1
609,53,2
609,11,3
609,23,3
609,35,3
609,22,1
609,42,2
609,43,1
609,9,3
609,10,1
610,8,3
610,37,2
610,38,3
610,9,3
610,18,2
610,30,3
610,5,2
610,7,2
610,17,3
610,4,1
610,35,3
610,36,2
610,23,1
610,11,2
610,6,2
610,14,2
610,15,3
611,31,2
611,46,1
611,18,2
611,8,2
611,9,3
612,35,2
612,36,2
612,23,3
612,11,2
612,40,3
612,13,3
612,12,2
612,57,3
612,6,1
612,15,1
612,44,1
612,8,3
612,45,3
612,19,2
612,18,2
612,17,3
613,41,1
613,56,2
613,12,1
613,8,1
613,42,1
614,8,1
614,37,1
614,38,1
614,9,1
614,18,1
614,53,2
614,11,3
614,23,1
614,35,2
614,22,3
614,34,2
614,1,2
614,12,1
614,41,1
614,56,3
614,42,3
615,47,1
615,57,1
615,7,3
615,53,3
615,17,3
615,24,2
615,25,1
615,22,1
615,23,1
615,8,2
615,37,1
615,38,2
615,9,1
615,18,1
616,8,2
616,37,3
616,38,3
616,9,3
616,18,1
616,30,1
616,5,2
616,7,3
616,17,3
616,4,3
617,50,2
617,29,3
617,3,2
617,20,1
617,30,2
618,48,3
618,58,1
618,9,2
618,11,1
618,17,2
618,6,2
618,14,3
618,15,2
618,8,1
618,16,1
618,42,3
618,43,2
618,10,3
618,18,2
618,19,2
619,45,1
619,8,3
619,16,3
619,44,1
619,17,2
619,21,1
619,20,1
619,24,1
619,25,1
620,24,2
620,25,2
620,22,2
620,23,2
620,41,2
620,56,1
620,12,2
620,8,3
620,42,1
621,34,3
621,8,3
621,53,2
621,1,3
621,12,2
621,35,2
621,36,1
621,23,3
621,11,3
621,51,1
621,59,1
621,60,3
621,5,1
622,23,2
622,22,3
622,24,2
622,11,1
622,51,1
622,59,1
622,60,2
622,5,2
622,8,1
623,8,1
623,37,2
623,38,2
623,9,3
623,18,3
623,19,3
623,17,3
624,8,2
624,37,3
624,38,3
624,9,3
624,18,3
625,20,1
625,1,2
625,2,3
625,21,1
625,53,2
625,11,1
625,23,3
625,35,2
625,22,2
625,54,2
625,18,2
625,8,3
625,34,3
625,12,3
626,51,1
626,59,1
626,60,2
626,5,1
626,8,3
626,6,1
626,16,2
626,15,2
626,17,3
626,39,3
626,25,3
626,24,3
627,24,3
627,25,1
627,30,1
627,8,3
628,39,1
628,25,2
628,24,3
628,8,3
628,5,2
629,42,1
629,43,3
629,11,3
629,9,1
629,10,3
630,29,2
630,3,2
630,6,1
630,30,3
630,52,1
630,8,3
630,15,3
630,16,3
630,12,3
630,31,3
630,32,3
630,33,3
630,18,1
630,9,2
631,21,3
631,20,1
631,24,2
631,25,2
632,21,2
632,20,2
632,24,3
632,25,1
632,39,2
632,8,2
632,5,1
633,27,1
633,28,1
633,5,3
633,3,1
633,8,3
634,48,2
634,58,3
634,9,3
634,11,1
634,17,1
634,35,1
634,36,2
634,23,1
634,31,3
634,46,2
634,18,1
634,8,3
634,42,1
634,43,3
634,10,2
635,23,1
635,22,2
635,24,3
635,11,1
635,27,3
635,28,2
635,5,1
635,3,2
635,8,3
636,39,3
636,25,3
636,24,3
636,8,3
636,5,1
637,40,1
637,13,1
637,12,2
637,57,1
637,6,3
637,18,1
637,9,3
637,19,2
637,17,1
637,8,3
637,21,2
637,20,2
637,24,3
637,25,2
638,18,3
638,9,2
638,19,2
638,17,3
638,8,1
638,45,2
638,16,3
638,44,1
638,42,1
638,43,2
638,11,3
638,10,2
639,3,3
639,4,1
639,1,2
639,2,2
639,5,3
640,40,2
640,13,1
640,12,3
640,57,2
640,6,2
641,19,1
641,18,2
641,17,2
641,8,2
642,12,2
642,13,1
642,3,2
642,11,1
642,6,2
643,24,2
643,25,3
643,22,3
643,23,3
643,30,2
643,8,2
644,22,3
644,24,1
644,23,3
644,25,2
644,55,1
644,14,2
644,15,1
644,6,2
644,8,1
644,51,3
644,59,3
644,60,3
644,5,1
644,20,3
644,1,1
644,2,2
644,21,2
645,26,2
645,19,3
645,9,3
645,18,3
645,17,1
645,3,3
645,5,2
645,6,2
645,7,2
645,4,1
645,8,2
646,23,1
646,22,3
646,24,2
646,11,2
646,3,2
646,5,2
646,6,1
646,7,1
646,4,2
646,8,2
646,49,3
646,57,1
646,50,3
646,29,3
646,20,1
646,30,1
647,23,2
647,22,1
647,24,1
647,11,3
647,6,3
647,14,3
647,15,3
647,8,3
647,9,2
647,40,3
647,13,2
647,12,2
647,57,1
648,30,2
648,5,3
648,7,1
648,17,3
648,4,3
648,41,2
648,56,1
648,12,3
648,8,1
648,42,2
648,27,2
648,28,1
648,3,3
649,15,1
649,44,3
649,8,3
649,45,2
649,6,2
650,54,3
650,18,3
650,8,2
650,34,3
650,12,1
651,51,3
651,59,3
651,60,3
651,5,3
651,8,1
651,45,1
651,16,1
651,44,3
651,17,2
651,26,2
651,19,2
651,9,1
651,18,2
651,37,2
651,38,1
652,47,2
652,57,3
652,7,2
652,53,3
652,17,3
652,24,2
652,25,1
652,22,2
652,23,1
652,52,2
652,8,3
652,15,3
652,16,2
652,12,3
653,5,2
653,7,2
653,8,2
653,6,1
653,17,1
654,50,3
654,29,2
654,3,1
654,20,2
654,30,3
655,31,1
655,32,2
655,33,3
655,18,3
655,9,3
655,45,3
655,8,1
655,16,2
655,44,1
655,17,1
655,21,1
655,20,1
655,24,3
655,25,3
655,40,1
655,13,3
655,12,2
655,57,1
655,6,1
656,12,3
656,13,2
656,3,3
656,11,1
656,6,2
656,5,1
656,7,3
656,4,3
656,8,1
657,5,3
657,7,1
657,8,2
657,6,3
657,17,2
657,30,1
657,4,3
657,40,2
657,13,3
657,12,1
657,57,1
658,53,1
658,11,1
658,23,3
658,35,3
658,22,3
658,18,3
658,9,1
658,19,3
658,17,1
658,8,2
658,5,2
658,7,3
658,6,1
658,3,2
658,4,3
658,1,1
658,2,3
659,12,3
659,13,3
659,3,3
659,11,3
659,6,3
659,54,3
659,18,3
659,8,1
659,34,1
659,21,3
659,20,2
659,24,2
659,25,2
660,34,3
660,8,1
660,53,2
660,1,3
660,12,3
660,23,2
660,22,3
660,24,1
660,11,1
660,48,3
660,58,1
660,9,3
660,17,2
661,12,1
661,13,1
661,3,1
661,11,1
661,6,3
662,40,3
662,13,1
662,12,3
662,57,3
662,6,3
662,15,3
662,44,3
662,8,3
662,45,2
662,20,2
662,1,1
662,2,1
662,21,2
663,29,1
663,3,3
663,6,2
663,30,2
663,53,2
663,11,2
663,23,2
663,35,1
663,22,3
664,45,3
664,8,1
664,16,3
664,44,3
664,17,1
664,22,2
664,24,2
664,23,2
664,25,2
665,47,1
665,57,1
665,7,2
665,53,1
665,17,2
665,6,3
665,14,1
665,15,2
665,8,3
665,16,1
665,37,3
665,38,2
665,9,1
665,18,1
666,6,2
666,14,3
666,15,2
666,8,3
666,16,3
666,3,3
666,4,3
666,1,2
666,2,3
666,5,1
666,17,3
667,12,2
667,13,2
667,3,1
667,11,1
667,6,2
667,8,1
667,16,3
667,15,3
667,17,1
668,41,3
668,56,3
668,12,2
668,8,2
668,42,1
668,35,2
668,36,2
668,23,1
668,11,1
668,21,3
668,20,2
668,24,1
668,25,1
668,31,3
668,32,1
668,33,1
668,18,3
668,9,3
669,18,3
669,9,1
669,19,1
669,17,2
669,8,3
669,26,1
670,35,2
670,36,1
670,23,2
670,11,3
670,48,2
670,58,3
670,9,1
670,17,3
671,24,2
671,25,2
671,30,1
671,8,3
671,3,1
671,5,3
671,6,2
671,7,2
671,4,3
671,50,1
671,29,3
671,20,2
671,14,3
671,15,1
671,16,1
672,40,3
672,13,2
672,12,3
672,57,3
672,6,3
672,19,1
672,18,1
672,17,3
672,8,3
672,35,3
672,36,2
672,23,1
672,11,1
673,21,1
673,20,2
673,24,3
673,25,1
673,47,1
673,57,1
673,7,3
673,53,3
673,17,3
673,31,3
673,32,2
673,33,3
673,18,1
673,9,2
674,3,1
674,4,2
674,1,1
674,2,3
674,5,3
674,29,2
674,6,1
674,30,1
674,19,3
674,18,2
674,17,3
674,8,1
674,9,3
675,55,3
675,14,2
675,15,1
675,6,1
675,8,3
675,9,2
675,10,1
675,11,1
675,17,2
675,18,3
675,49,3
675,24,2
675,57,1
675,3,2
675,42,2
675,43,2
676,53,2
676,11,2
676,23,1
676,35,3
676,22,3
676,39,3
676,25,3
676,24,2
676,8,1
676,5,2
676,49,2
676,6,3
676,57,3
676,3,3
676,7,1
676,17,2
677,48,2
677,58,2
677,9,1
677,11,2
677,17,3
677,18,3
677,19,2
677,8,2
678,24,2
678,25,2
678,22,1
678,23,3
678,39,1
678,8,3
678,5,2
678,30,2
678,7,3
678,17,1
678,4,3
678,19,2
678,18,1
679,5,2
679,7,3
679,8,3
679,6,3
679,17,1
679,16,1
679,15,2
680,51,3
680,59,2
680,60,3
680,5,1
680,8,1
680,7,3
680,6,1
680,17,2
681,8,2
681,37,2
681,38,3
681,9,2
681,18,1
682,6,3
682,14,1
682,15,1
682,8,3
682,9,2
682,16,3
682,49,1
682,24,2
682,57,1
682,3,1
683,39,3
683,25,2
683,24,3
683,8,3
683,5,3
683,9,3
683,10,2
683,11,2
683,17,1
683,18,1
684,12,3
684,13,1
684,3,2
684,11,2
684,6,3
685,39,1
685,25,2
685,24,2
685,8,1
685,5,1
685,29,3
685,3,2
685,6,2
685,30,1
685,21,3
685,20,1
686,8,1
686,37,1
686,38,1
686,9,3
686,18,2
686,5,3
686,7,1
686,6,2
686,17,3
686,24,3
686,25,3
686,30,1
687,31,3
687,32,2
687,33,2
687,18,3
687,9,3
687,3,2
687,5,1
687,6,2
687,7,3
687,4,3
687,8,3
687,14,2
687,15,2
687,48,1
687,58,3
687,11,1
687,17,2
688,45,3
688,8,3
688,16,3
688,44,3
688,17,2
689,47,1
689,57,3
689,7,2
689,53,2
689,17,2
689,11,2
689,23,3
689,35,3
689,22,3
689,54,3
689,18,3
689,8,2
689,34,1
689,12,1
689,49,1
689,6,2
689,24,2
689,3,1
690,6,3
690,8,2
690,16,3
690,15,1
690,17,3
690,21,3
690,20,1
690,24,1
690,25,1
690,30,1
691,55,1
691,14,3
691,15,1
691,6,1
691,8,1
691,3,1
691,4,1
691,1,1
691,2,3
691,5,2
691,18,3
691,9,3
691,19,2
691,17,1
692,52,1
692,8,1
692,15,3
692,16,3
692,12,1
693,21,1
693,20,2
693,24,1
693,25,1
693,18,2
693,9,1
693,19,3
693,17,3
693,8,2
694,34,2
694,8,2
694,53,3
694,1,2
694,12,3
694,35,2
694,36,1
694,23,2
694,11,2
694,50,2
694,29,1
694,3,3
694,20,2
694,30,1
694,45,1
694,16,1
694,44,1
694,17,2
695,55,2
695,14,1
695,15,2
695,6,1
695,8,3
695,53,2
695,11,2
695,23,1
695,35,1
695,22,1
695,52,2
695,16,2
695,12,1
696,3,3
696,4,1
696,1,1
696,2,3
696,5,2
697,41,1
697,56,1
697,12,2
697,8,3
697,42,1
698,20,1
698,1,3
698,2,2
698,21,3
698,27,2
698,28,1
698,5,3
698,3,1
698,8,2
698,22,2
698,24,3
698,23,1
698,25,2
699,35,3
699,36,3
699,23,2
699,11,3
700,50,3
700,29,1
700,3,2
700,20,3
700,30,1
700,47,3
700,57,2
700,7,1
700,53,2
700,17,2
700,6,3
700,14,2
700,15,3
700,8,3
700,16,3
701,31,3
701,46,2
701,18,2
701,8,1
701,9,2
701,26,3
701,19,2
701,17,3
701,50,2
701,29,1
701,3,2
701,20,2
701,30,3
701,6,3
701,16,3
701,15,3
702,22,3
702,24,1
702,23,1
702,25,3
702,50,2
702,29,2
702,3,1
702,20,3
702,30,1
702,18,2
702,9,1
702,19,3
702,17,2
702,8,3
703,22,1
703,24,1
703,23,3
703,25,3
703,5,1
703,7,2
703,8,3
703,6,2
703,17,1
703,35,2
703,36,3
703,11,1
703,49,3
703,57,1
703,3,3
704,15,3
704,44,2
704,8,2
704,45,3
704,6,2
704,52,3
704,16,3
704,12,1
705,19,2
705,18,2
705,17,1
705,8,2
706,48,2
706,58,1
706,9,3
706,11,1
706,17,1
706,15,2
706,44,3
706,8,3
706,45,2
706,6,3
707,5,1
707,7,3
707,8,2
707,6,3
707,17,3
708,27,1
708,28,1
708,5,1
708,3,2
708,8,3
708,24,2
708,25,2
708,30,1
709,50,1
709,29,1
709,3,2
709,20,1
709,30,2
710,20,1
710,1,1
710,2,1
710,21,3
710,31,3
710,46,1
710,18,2
710,8,3
710,9,2
711,30,3
711,5,3
711,7,2
711,17,2
711,4,2
712,8,1
712,37,3
712,38,1
712,9,2
712,18,2
712,55,1
712,14,3
712,15,1
712,6,2
713,18,2
713,9,1
713,19,3
713,17,3
713,8,1
713,52,3
713,15,2
713,16,1
713,12,1
713,22,2
713,24,3
713,23,3
713,25,3
713,55,1
713,14,1
713,6,1
714,51,1
714,59,3
714,60,2
714,5,2
714,8,2
714,12,3
714,13,1
714,3,3
714,11,1
714,6,1
714,24,2
714,25,1
714,30,1
715,6,2
715,14,1
715,15,1
715,8,3
715,16,3
715,45,3
715,44,2
715,17,2
716,42,3
716,43,1
716,11,1
716,9,3
716,10,3
716,51,2
716,59,2
716,60,1
716,5,2
716,8,2
716,6,2
716,16,3
716,15,3
716,17,2
717,23,3
717,22,3
717,24,1
717,11,2
717,8,2
717,37,1
717,38,1
717,9,1
717,18,2
718,49,2
718,6,2
718,24,3
718,57,1
718,3,3
719,39,3
719,25,3
719,24,1
719,8,2
719,5,2
719,53,2
719,11,1
719,23,2
719,35,1
719,22,3
720,34,3
720,8,1
720,53,3
720,1,2
720,12,1
720,19,1
720,18,2
720,17,2
720,40,2
720,13,1
720,57,1
720,6,3
720,30,2
720,5,1
720,7,1
720,4,2
721,53,3
721,11,2
721,23,2
721,35,2
721,22,2
722,54,2
722,18,1
722,8,3
722,34,1
722,12,1
723,18,1
723,9,3
723,19,1
723,17,3
723,8,1
724,41,3
724,56,3
724,12,2
724,8,1
724,42,2
725,40,3
725,13,2
725,12,1
725,57,1
725,6,2
725,30,2
725,5,2
725,7,3
725,17,2
725,4,2
725,18,1
725,9,2
725,19,3
725,8,1
726,47,3
726,57,1
726,7,3
726,53,2
726,17,1
726,18,1
726,9,3
726,19,2
726,8,1
727,54,2
727,18,2
727,8,3
727,34,1
727,12,1
727,51,3
727,59,2
727,60,3
727,5,1
727,19,1
727,17,3
728,20,2
728,1,3
728,2,2
728,21,1
729,45,3
729,8,1
729,16,2
729,44,1
729,17,1
729,15,3
729,6,3
729,9,3
729,10,2
729,11,3
729,18,3
730,48,3
730,58,2
730,9,2
730,11,3
730,17,1
730,21,3
730,20,1
730,24,1
730,25,3
730,27,3
730,28,2
730,5,2
730,3,3
730,8,2
730,31,2
730,32,1
730,33,2
730,18,1
731,49,2
731,6,1
731,24,2
731,57,2
731,3,1
732,48,2
732,58,3
732,9,2
732,11,1
732,17,1
733,40,3
733,13,3
733,12,2
733,57,1
733,6,3
733,35,1
733,36,2
733,23,2
733,11,1
734,9,1
734,10,1
734,11,3
734,17,3
734,18,2
734,26,2
734,19,3
735,27,3
735,28,3
735,5,3
735,3,1
735,8,3
735,31,3
735,46,1
735,18,2
735,9,2
736,3,2
736,4,3
736,1,1
736,2,2
736,5,3
737,9,2
737,10,2
737,11,1
737,17,1
737,18,1
738,45,2
738,8,1
738,16,1
738,44,1
738,17,2
738,29,3
738,3,3
738,6,3
738,30,1
738,20,1
738,1,2
738,2,3
738,21,2
738,49,1
738,24,2
738,57,3
739,47,2
739,57,3
739,7,3
739,53,2
739,17,3
740,24,2
740,25,3
740,30,3
740,8,1
740,22,1
740,23,2
741,6,3
741,14,1
741,15,2
741,8,2
741,9,1
741,53,1
741,11,1
741,23,3
741,35,3
741,22,2
742,31,2
742,46,3
742,18,3
742,8,1
742,9,3
742,26,2
742,19,3
742,17,1
743,27,2
743,28,2
743,5,1
743,3,3
743,8,3
743,6,3
743,16,3
743,15,3
743,17,3
744,27,2
744,28,1
744,5,2
744,3,2
744,8,2
744,29,3
744,6,2
744,30,3
744,14,3
744,15,3
744,16,1
744,22,1
744,24,3
744,23,1
744,25,2
745,22,2
745,24,3
745,23,1
745,25,3
745,15,1
745,44,1
745,8,2
745,45,2
745,6,1
746,3,3
746,5,2
746,6,3
746,7,1
746,4,1
746,8,1
746,20,3
746,1,2
746,2,2
746,21,2
746,27,1
746,28,1
747,23,2
747,22,3
747,24,1
747,11,1
747,25,2
747,27,2
747,28,2
747,5,2
747,3,1
747,8,1
748,30,3
748,5,3
748,7,3
748,17,1
748,4,3
749,47,3
749,57,1
749,7,2
749,53,3
749,17,2
749,41,1
749,56,1
749,12,1
749,8,1
749,42,1
749,29,1
749,3,2
749,6,2
749,30,3
750,23,2
750,22,3
750,24,3
750,11,3
751,41,2
751,56,2
751,12,3
751,8,2
751,42,3
751,34,1
751,53,3
751,1,2
751,39,1
751,25,3
751,24,3
751,5,2
752,30,1
752,5,1
752,7,3
752,17,3
752,4,3
753,3,2
753,4,3
753,1,3
753,2,1
753,5,1
753,40,1
753,13,1
753,12,2
753,57,1
753,6,3
754,12,2
754,13,1
754,3,1
754,11,3
754,6,2
754,5,1
754,7,1
754,8,2
754,17,2
755,9,3
755,10,3
755,11,1
755,17,1
755,18,1
755,31,1
755,46,2
755,8,2
755,48,3
755,58,3
755,50,1
755,29,2
755,3,2
755,20,2
755,30,1
756,24,2
756,25,3
756,22,1
756,23,3
756,9,3
756,10,2
756,11,2
756,17,3
756,18,2
756,34,2
756,8,3
756,53,1
756,1,2
756,12,3
756,52,3
756,15,1
756,16,2
757,31,1
757,32,2
757,33,2
757,18,3
757,9,2
758,22,3
758,24,3
758,23,1
758,25,2
758,34,3
758,8,2
758,53,3
758,1,3
758,12,2
758,27,3
758,28,1
758,5,3
758,3,2
759,6,1
759,14,1
759,15,3
759,8,3
759,16,2
760,34,3
760,8,2
760,53,2
760,1,1
760,12,3
760,24,2
760,25,3
760,30,1
760,51,3
760,59,1
760,60,3
760,5,1
760,47,1
760,57,1
760,7,3
760,17,3
761,18,3
761,9,3
761,19,1
761,17,1
761,8,1
762,47,3
762,57,1
762,7,2
762,53,1
762,17,2
762,20,2
762,1,3
762,2,1
762,21,2
763,9,1
763,10,2
763,11,1
763,17,1
763,18,1
763,26,1
763,19,2
763,50,3
763,29,1
763,3,1
763,20,2
763,30,2
763,48,3
763,58,3
764,41,3
764,56,3
764,12,1
764,8,3
764,42,1
764,43,1
764,11,2
764,9,1
764,10,1
765,19,3
765,18,3
765,17,1
765,8,2
765,26,3
765,9,3
766,53,1
766,11,3
766,23,1
766,35,1
766,22,2
766,5,2
766,7,3
766,8,1
766,6,3
766,17,2
766,14,1
766,15,2
766,9,1
766,36,2
767,8,1
767,37,2
767,38,3
767,9,3
767,18,3
767,31,1
767,32,3
767,33,2
768,6,3
768,8,3
768,16,3
768,15,3
768,17,1
768,14,2
768,9,2
768,30,3
768,5,2
768,7,1
768,4,1
769,40,3
769,13,2
769,12,1
769,57,1
769,6,3
769,22,1
769,24,2
769,23,2
769,25,1
769,51,2
769,59,3
769,60,2
769,5,1
769,8,1
770,50,3
770,29,2
770,3,3
770,20,1
770,30,2
770,23,1
770,22,1
770,24,1
770,11,3
770,15,3
770,44,3
770,8,2
770,45,3
770,6,3
770,14,1
770,9,1
771,31,1
771,46,3
771,18,2
771,8,2
771,9,3
772,18,1
772,9,2
772,19,2
772,17,3
772,8,3
772,6,2
772,14,3
772,15,2
772,16,1
772,55,2
773,30,2
773,5,2
773,7,3
773,17,2
773,4,3
774,27,3
774,28,3
774,5,2
774,3,1
774,8,1
774,30,2
774,7,3
774,17,1
774,4,3
774,54,3
774,18,1
774,34,1
774,12,3
775,6,2
775,14,1
775,15,1
775,8,3
775,16,2
775,55,3
776,45,2
776,8,2
776,16,3
776,44,2
776,17,1
776,26,2
776,19,3
776,9,1
776,18,1
776,41,3
776,56,1
776,12,1
776,42,3
776,24,1
776,25,3
776,30,3
777,48,1
777,58,3
777,9,1
777,11,1
777,17,2
778,3,1
778,4,3
778,1,1
778,2,3
778,5,3
778,6,2
778,14,3
778,15,3
778,8,1
778,16,3
778,26,3
778,19,1
778,9,1
778,18,2
778,17,1
778,22,2
778,24,2
778,23,1
778,25,3
779,47,3
779,57,3
779,7,3
779,53,2
779,17,3
779,21,1
779,20,3
779,24,2
779,25,2
780,12,1
780,13,3
780,3,2
780,11,1
780,6,3
780,45,2
780,8,2
780,16,3
780,44,2
780,17,2
780,42,3
780,43,2
780,9,2
780,10,2
780,26,1
780,19,2
780,18,1
781,27,2
781,28,3
781,5,2
781,3,3
781,8,3
781,9,3
781,10,3
781,11,3
781,17,1
781,18,1
781,34,1
781,53,1
781,1,3
781,12,3
782,48,2
782,58,2
782,9,2
782,11,1
782,17,1
782,20,1
782,1,3
782,2,1
782,21,1
782,29,1
782,3,2
782,6,1
782,30,1
782,50,3
783,23,1
783,22,2
783,24,3
783,11,1
784,24,1
784,25,1
784,22,2
784,23,1
784,6,1
784,14,2
784,15,1
784,8,3
784,9,1
784,30,2
784,5,3
784,7,3
784,17,2
784,4,2
785,40,3
785,13,1
785,12,2
785,57,2
785,6,3
786,19,3
786,18,1
786,17,2
786,8,3
787,3,2
787,5,3
787,6,1
787,7,2
787,4,2
787,8,2
787,1,1
787,2,1
787,50,3
787,29,3
787,20,3
787,30,1
788,50,2
788,29,1
788,3,1
788,20,2
788,30,2
788,31,1
788,32,3
788,33,3
788,18,3
788,9,3
788,8,3
788,37,3
788,38,3
789,12,2
789,13,1
789,3,2
789,11,1
789,6,3
789,54,1
789,18,2
789,8,2
789,34,2
789,48,2
789,58,2
789,9,2
789,17,2
789,22,3
789,24,1
789,23,3
789,25,3
790,34,1
790,8,3
790,53,1
790,1,3
790,12,3
790,26,1
790,19,1
790,9,2
790,18,2
790,17,2
791,45,1
791,8,1
791,16,3
791,44,2
791,17,2
791,35,2
791,36,3
791,23,2
791,11,1
791,27,2
791,28,2
791,5,2
791,3,1
791,9,2
791,10,1
791,18,2
792,54,2
792,18,2
792,8,3
792,34,2
792,12,1
792,48,1
792,58,3
792,9,3
792,11,2
792,17,2
793,29,2
793,3,2
793,6,3
793,30,1
794,15,3
794,44,3
794,8,2
794,45,3
794,6,3
794,26,1
794,19,1
794,9,2
794,18,2
794,17,1
794,53,1
794,11,2
794,23,1
794,35,2
794,22,1
795,8,1
795,37,1
795,38,1
795,9,3
795,18,3
795,24,1
795,25,2
795,22,2
795,23,1
796,53,3
796,11,1
796,23,3
796,35,1
796,22,2
796,6,3
796,8,3
796,16,1
796,15,1
796,17,3
797,45,1
797,8,2
797,16,1
797,44,3
797,17,2
797,39,2
797,25,1
797,24,2
797,5,1
797,22,2
797,23,3
798,6,2
798,14,3
798,15,2
798,8,3
798,16,3
798,52,3
798,12,1
798,24,1
798,25,3
798,22,2
798,23,2
798,3,2
798,5,3
798,7,3
798,4,3
799,53,3
799,11,2
799,23,3
799,35,1
799,22,3
799,18,2
799,9,2
799,19,3
799,17,1
799,8,1
799,6,3
799,14,1
799,15,2
799,16,3
800,52,3
800,8,1
800,15,2
800,16,1
800,12,1
800,9,2
800,10,1
800,11,2
800,17,1
800,18,2
801,21,1
801,20,1
801,24,2
801,25,2
801,15,3
801,44,1
801,8,3
801,45,1
801,6,3
801,41,2
801,56,3
801,12,2
801,42,2
801,22,3
801,23,1
802,6,2
802,14,2
802,15,2
802,8,2
802,16,1
803,6,2
803,8,1
803,16,3
803,15,1
803,17,1
804,27,3
804,28,2
804,5,1
804,3,3
804,8,3
804,23,1
804,22,1
804,24,1
804,11,3
804,47,1
804,57,1
804,7,3
804,53,1
804,17,3
805,54,2
805,18,3
805,8,1
805,34,2
805,12,3
805,23,1
805,22,3
805,24,3
805,11,1
806,34,1
806,8,3
806,53,3
806,1,3
806,12,1
807,18,1
807,9,1
807,19,1
807,17,1
807,8,3
807,48,1
807,58,2
807,11,3
807,50,2
807,29,3
807,3,2
807,20,2
807,30,1
808,24,2
808,25,1
808,30,2
808,8,2
809,6,3
809,14,1
809,15,1
809,8,2
809,9,3
809,3,2
809,4,1
809,1,3
809,2,2
809,5,3
809,52,3
809,16,1
809,12,1
809,45,1
809,44,1
809,17,1
810,19,2
810,18,1
810,17,3
810,8,1
811,21,2
811,20,3
811,24,2
811,25,1
811,45,2
811,8,2
811,16,2
811,44,3
811,17,2
811,1,3
811,2,1
812,45,2
812,8,2
812,16,1
812,44,2
812,17,1
812,47,2
812,57,3
812,7,3
812,53,2
812,42,1
812,43,1
812,11,3
812,9,2
812,10,3
812,6,2
812,14,1
812,15,2
813,54,1
813,18,1
813,8,3
813,34,1
813,12,1
813,24,2
813,25,3
813,22,1
813,23,1
813,13,3
813,3,3
813,11,1
813,6,3
814,50,2
814,29,2
814,3,3
814,20,2
814,30,3
814,1,2
814,2,1
814,21,3
814,55,3
814,14,3
814,15,3
814,6,2
814,8,1
814,42,3
814,43,3
814,11,2
814,9,3
814,10,3
815,3,2
815,5,2
815,6,3
815,7,1
815,4,2
815,8,3
815,50,2
815,29,1
815,20,2
815,30,3
815,51,2
815,59,3
815,60,1
816,42,1
816,43,1
816,11,1
816,9,3
816,10,2
816,6,2
816,14,1
816,15,3
816,8,3
816,37,3
816,38,2
816,18,1
817,34,3
817,8,3
817,53,2
817,1,1
817,12,3
818,47,2
818,57,3
818,7,3
818,53,3
818,17,3
818,30,3
818,5,1
818,4,3
818,18,1
818,9,2
818,19,1
818,8,2
818,40,2
818,13,3
818,12,3
818,6,1
819,27,2
819,28,2
819,5,2
819,3,3
819,8,1
819,45,3
819,16,3
819,44,2
819,17,1
819,22,2
819,24,1
819,23,3
819,25,3
820,53,3
820,11,1
820,23,2
820,35,2
820,22,1
820,6,1
820,8,1
820,16,2
820,15,2
820,17,1
821,49,3
821,6,2
821,24,3
821,57,2
821,3,3
822,47,3
822,57,3
822,7,1
822,53,2
822,17,1
823,39,3
823,25,3
823,24,1
823,8,3
823,5,3
824,40,1
824,13,3
824,12,2
824,57,1
824,6,1
824,18,1
824,9,2
824,19,2
824,17,2
824,8,3
824,45,2
824,16,3
824,44,3
825,31,3
825,32,2
825,33,3
825,18,2
825,9,1
825,30,1
825,5,3
825,7,2
825,17,1
825,4,3
826,35,3
826,36,3
826,23,1
826,11,1
826,18,1
826,9,3
826,19,1
826,17,1
826,8,2
827,3,3
827,4,3
827,1,3
827,2,1
827,5,2
828,23,2
828,22,1
828,24,1
828,11,1
828,29,3
828,3,1
828,6,2
828,30,1
829,40,3
829,13,3
829,12,2
829,57,1
829,6,3
830,52,2
830,8,3
830,15,1
830,16,3
830,12,1
830,41,1
830,56,3
830,42,3
830,47,1
830,57,2
830,7,3
830,53,2
830,17,2
830,34,2
830,1,2
831,34,3
831,8,3
831,53,1
831,1,2
831,12,3
832,31,3
832,32,1
832,33,3
832,18,3
832,9,3
832,40,1
832,13,2
832,12,1
832,57,1
832,6,2
832,45,2
832,8,2
832,16,3
832,44,3
832,17,2
833,30,3
833,5,3
833,7,3
833,17,1
833,4,3
834,48,1
834,58,2
834,9,2
834,11,1
834,17,3
834,23,2
834,22,1
834,24,3
834,19,2
834,18,2
834,8,1
835,35,1
835,36,3
835,23,1
835,11,3
835,24,1
835,25,1
835,22,1
836,21,1
836,20,1
836,24,3
836,25,2
836,50,1
836,29,2
836,3,3
836,30,3
836,18,3
836,9,1
836,19,2
836,17,3
836,8,3
837,29,1
837,3,3
837,6,3
837,30,1
838,12,1
838,13,2
838,3,3
838,11,1
838,6,1
838,54,2
838,18,1
838,8,3
838,34,1
838,9,1
838,10,2
838,17,1
839,54,3
839,18,1
839,8,2
839,34,3
839,12,2
839,13,2
839,3,1
839,11,3
839,6,2
840,55,2
840,14,1
840,15,1
840,6,3
840,8,1
840,35,3
840,36,3
840,23,2
840,11,1
840,31,2
840,46,3
840,18,3
840,9,2
841,23,3
841,22,1
841,24,1
841,11,3
842,6,2
842,14,2
842,15,1
842,8,3
842,16,1
842,3,2
842,5,2
842,7,1
842,4,2
843,30,2
843,5,1
843,7,2
843,17,2
843,4,3
843,23,1
843,22,2
843,24,2
843,11,1
843,40,1
843,13,3
843,12,3
843,57,3
843,6,1
843,3,2
844,3,1
844,5,1
844,6,3
844,7,1
844,4,2
844,8,1
844,27,1
844,28,2
844,16,2
844,15,3
844,17,3
844,12,1
844,13,1
844,11,1
845,24,2
845,25,2
845,22,1
845,23,2
845,39,3
845,8,1
845,5,3
846,40,1
846,13,1
846,12,3
846,57,1
846,6,1
847,18,2
847,9,2
847,19,3
847,17,2
847,8,2
847,5,3
847,7,3
847,6,2
848,3,2
848,5,3
848,6,3
848,7,1
848,4,1
848,8,1
849,6,3
849,14,3
849,15,2
849,8,1
849,9,3
849,52,2
849,16,3
849,12,2
849,20,2
849,1,2
849,2,1
849,21,3
850,27,1
850,28,2
850,5,3
850,3,3
850,8,2
850,21,1
850,20,1
850,24,3
850,25,1
850,51,1
850,59,3
850,60,3
850,22,2
850,23,3
851,22,2
851,24,1
851,23,2
851,25,1
852,26,1
852,19,2
852,9,3
852,18,3
852,17,3
853,6,3
853,8,1
853,16,2
853,15,3
853,17,2
853,3,3
853,5,3
853,7,1
853,4,1
853,49,1
853,24,3
853,57,1
854,50,3
854,29,2
854,3,2
854,20,1
854,30,1
855,24,3
855,25,3
855,30,1
855,8,2
856,34,1
856,8,3
856,53,1
856,1,1
856,12,3
856,11,2
856,23,1
856,35,2
856,22,2
856,19,3
856,18,2
856,17,2
856,31,3
856,46,2
856,9,1
857,40,2
857,13,1
857,12,2
857,57,1
857,6,2
857,52,3
857,8,3
857,15,2
857,16,3
857,18,1
857,9,1
857,19,2
857,17,2
858,39,1
858,25,2
858,24,3
858,8,2
858,5,3
859,21,2
859,20,1
859,24,2
859,25,2
859,55,1
859,14,2
859,15,2
859,6,2
859,8,3
860,53,2
860,11,1
860,23,2
860,35,1
860,22,3
860,24,3
860,25,3
860,36,3
861,31,3
861,46,1
861,18,3
861,8,2
861,9,1
861,35,2
861,36,3
861,23,1
861,11,2
861,10,1
861,17,3
862,49,1
862,6,1
862,24,2
862,57,1
862,3,3
862,9,3
862,10,3
862,11,1
862,17,1
862,18,3
863,9,1
863,10,2
863,11,1
863,17,2
863,18,2
864,49,3
864,6,1
864,24,3
864,57,1
864,3,3
864,31,2
864,46,1
864,18,3
864,8,3
864,9,3
865,54,2
865,18,3
865,8,3
865,34,2
865,12,2
865,15,2
865,44,3
865,45,2
865,6,2
865,3,3
865,4,2
865,1,2
865,2,2
865,5,2
866,47,3
866,57,1
866,7,3
866,53,1
866,17,3
866,11,1
866,23,1
866,35,3
866,22,1
866,55,3
866,14,3
866,15,2
866,6,1
866,8,3
866,24,2
866,25,3
867,8,3
867,37,3
867,38,2
867,9,1
867,18,3
867,3,2
867,4,3
867,1,2
867,2,3
867,5,3
867,24,2
867,25,1
867,22,3
867,23,3
867,6,3
867,14,1
867,15,2
867,16,1
868,49,3
868,6,3
868,24,2
868,57,1
868,3,2
868,21,1
868,20,3
868,25,2
869,31,3
869,32,3
869,33,1
869,18,2
869,9,3
869,27,1
869,28,3
869,5,3
869,3,1
869,8,2
869,22,1
869,24,1
869,23,3
869,25,2
869,46,1
870,35,1
870,36,1
870,23,2
870,11,2
871,50,2
871,29,2
871,3,1
871,20,2
871,30,2
871,52,3
871,8,2
871,15,3
871,16,2
871,12,3
872,5,1
872,7,3
872,8,1
872,6,1
872,17,2
872,53,3
872,11,3
872,23,3
872,35,2
872,22,1
872,14,1
872,15,3
872,9,1
872,12,1
872,13,1
872,3,3
873,51,3
873,59,1
873,60,2
873,5,1
873,8,1
873,48,1
873,58,2
873,9,1
873,11,2
873,17,1
873,53,2
873,23,1
873,35,2
873,22,2
874,24,1
874,25,3
874,22,1
874,23,2
874,6,1
874,14,2
874,15,2
874,8,1
874,9,1
874,54,3
874,18,2
874,34,3
874,12,2
875,41,2
875,56,3
875,12,3
875,8,2
875,42,2
875,27,1
875,28,3
875,5,1
875,3,1
876,48,1
876,58,3
876,9,2
876,11,3
876,17,3
877,20,2
877,1,1
877,2,3
877,21,3
877,40,3
877,13,1
877,12,2
877,57,2
877,6,1
877,31,1
877,32,1
877,33,1
877,18,3
877,9,3
878,5,2
878,7,2
878,8,1
878,6,1
878,17,3
878,27,3
878,28,1
878,3,2
879,23,1
879,22,3
879,24,3
879,11,2
879,15,2
879,44,1
879,8,3
879,45,1
879,6,1
880,30,1
880,5,2
880,7,2
880,17,1
880,4,2
880,6,3
880,14,1
880,15,3
880,8,1
880,16,2
881,31,3
881,46,1
881,18,1
881,8,1
881,9,2
881,49,3
881,6,2
881,24,2
881,57,2
881,3,2
882,41,2
882,56,3
882,12,2
882,8,2
882,42,1
882,20,2
882,1,3
882,2,2
882,21,2
883,45,3
883,8,2
883,16,1
883,44,3
883,17,1
883,27,1
883,28,3
883,5,2
883,3,3
883,12,2
883,13,2
883,11,2
883,6,1
884,24,2
884,25,3
884,30,3
884,8,3
885,30,3
885,5,3
885,7,3
885,17,3
885,4,1
885,55,3
885,14,2
885,15,3
885,6,1
885,8,2
885,3,2
885,1,2
885,2,2
886,15,2
886,44,1
886,8,3
886,45,1
886,6,3
887,35,2
887,36,1
887,23,2
887,11,1
887,9,2
887,10,2
887,17,1
887,18,2
888,19,3
888,18,2
888,17,3
888,8,3
888,31,1
888,32,2
888,33,2
888,9,2
888,24,1
888,25,2
888,22,2
888,23,1
889,45,2
889,8,3
889,16,2
889,44,1
889,17,3
889,3,1
889,5,3
889,6,1
889,7,1
889,4,1
889,14,2
889,15,2
890,52,3
890,8,3
890,15,1
890,16,2
890,12,1
890,19,1
890,18,1
890,17,3
890,39,2
890,25,1
890,24,2
890,5,2
890,3,3
890,4,3
890,1,1
890,2,1
891,3,1
891,4,3
891,1,1
891,2,3
891,5,2
891,49,3
891,6,3
891,24,1
891,57,2
892,31,1
892,46,2
892,18,2
892,8,1
892,9,2
892,37,2
892,38,3
892,29,2
892,3,3
892,6,3
892,30,2
892,5,2
892,7,1
892,17,2
893,12,1
893,13,1
893,3,2
893,11,3
893,6,2
893,14,1
893,15,2
893,8,1
893,16,1
893,37,3
893,38,2
893,9,3
893,18,1
893,47,1
893,57,1
893,7,3
893,53,2
893,17,1
894,42,3
894,43,3
894,11,2
894,9,2
894,10,1
894,24,3
894,25,2
894,22,2
894,23,2
895,54,1
895,18,2
895,8,3
895,34,3
895,12,3
896,47,2
896,57,3
896,7,2
896,53,2
896,17,3
897,21,3
897,20,2
897,24,1
897,25,3
897,3,2
897,5,1
897,6,2
897,7,3
897,4,2
897,8,1
898,22,3
898,24,2
898,23,3
898,25,1
899,22,2
899,24,3
899,23,2
899,25,3
899,54,2
899,18,1
899,8,3
899,34,2
899,12,1
899,47,3
899,57,2
899,7,1
899,53,3
899,17,1
899,45,3
899,16,3
899,44,1
900,27,1
900,28,2
900,5,1
900,3,1
900,8,1
900,45,1
900,16,1
900,44,1
900,17,3
900,37,1
900,38,1
900,9,2
900,18,2
